metabolite,EE-CON|during_20_min,EE-CON|during_40_min,EE-CON|post_10_min,EE-CON|post_15_30_45_min,EE-CON|post_3.5_4_hr,EE-CON|post_24_hr,RE-CON|post_10_min,RE-CON|post_15_30_45_min,RE-CON|post_3.5_4_hr,RE-CON|post_24_hr
Xanthosine,0.0,0.3118,0.4821,0.6,0.0,0.0,2.0513,2.3151,1.1809,0.0
Hypoxanthine,1.0303,1.4475,1.653,0.9991,0.0,0.0,4.7491,4.204,1.0461,0.0
Malic acid,0.7717,0.9278,0.8601,0.7038,0.0,0.0,1.463,0.9891,0.0,0.0
Lactic acid,1.1458,1.1024,0.8586,0.5226,0.0,0.0,1.5265,1.1953,0.0,0.0
Succinic acid,1.4206,1.5693,1.0016,0.4754,0.0,0.0,0.7299,0.231,0.0,0.0
Xanthine,0.0,0.4961,0.6381,0.4794,0.0,0.0,1.5789,1.6182,0.8075,0.0
Alanine,0.397,0.4887,0.412,0.3849,0.0,0.0,0.7168,0.7321,0.0,0.0
Inosine,0.0,1.067,1.0534,0.0,0.0,0.0,4.8479,4.1132,1.2803,0.0
Pantothenic acid,0.4635,0.5901,0.5041,0.0,0.0,0.0,1.227,0.8611,0.2692,0.0
Pyruvic acid,0.5688,0.5883,0.5663,0.3759,0.0,0.0,0.9165,0.8332,0.0,0.0
1-Methylguanine,0.0,0.0,0.0,0.0,0.0,0.0,-0.7008,-0.7738,0.0,0.0
Uric acid,0.0,0.0,0.0,0.0,0.0,0.0,0.3002,0.4599,0.5122,0.2168
Glycerol,0.3732,0.7395,0.6939,0.0,0.0,0.0,0.4931,0.2042,0.0,0.0
Citrulline,-0.1674,-0.2472,-0.2014,-0.1343,0.0,0.0,-0.3623,-0.3345,0.0,0.0
Glyceraldehyde 3-phosphate,0.3014,0.6676,0.4973,0.4855,0.0,0.0,0.9206,0.8993,0.0,0.0
Ethanolamine,0.3005,0.3686,0.2189,0.0851,0.0,0.0,0.3153,0.1879,0.0,0.0
Proline,0.0,0.0,0.0,0.0793,0.0,0.0,0.1632,0.241,0.123,0.0
cis-Aconitic acid,0.0736,0.1268,0.1102,0.1238,0.0,0.0,0.2466,0.2305,0.0,0.0
3-Methyl-2-oxovaleric acid,0.3094,0.2923,0.3139,0.1804,0.0,0.0,0.6051,0.5414,0.0,-0.35
Fumaric acid,0.3198,0.3345,0.3063,0.243,0.0,0.0,0.5529,0.3419,0.0,0.0
Leucine,0.0,0.0,0.0,-0.059,0.0,0.0,-0.1433,-0.2024,-0.1125,0.0
Phenylacetic acid,0.0,0.0,0.0,0.2812,0.0,0.0,0.5169,0.6543,0.0,0.0
Phenylpyruvic acid,0.4917,0.3873,0.2132,0.0,0.0,0.0,0.6042,0.6506,0.0,0.0
Ketoleucine,0.2842,0.2659,0.2668,0.0,0.0,0.0,0.5237,0.4484,-0.2467,-0.2564
N-Acetylmethionine,0.0,0.2956,0.2066,0.0,0.0,0.0,0.5109,0.4446,0.0,0.0
Indolelactic acid,0.0,0.0,0.0,0.0,0.0,0.0,0.3752,0.4675,0.3131,0.0
N-Acetyl-D-tryptophan,0.3658,0.4927,0.3746,0.2107,0.0,0.0,0.493,0.3959,0.0,0.0
Isoleucine,0.0,0.0,0.0,0.0,0.0,0.0,-0.1517,-0.1934,0.0,-0.1596
beta-Leucine,0.0,0.0,0.0,-0.0781,0.0,0.0,-0.1611,-0.2155,0.0,-0.1532
Creatinine,0.0,0.0,0.0,0.0697,0.0,0.0,0.0922,0.1175,0.0704,0.0
4-Pyridoxic acid,0.3363,0.4434,0.3087,0.0,0.0,0.0,0.2694,0.0,0.0,0.0
N-Acetylhistidine,-0.171,-0.2381,-0.1675,-0.1097,0.0,0.0,-0.3008,-0.2974,0.0,0.0
Valine,-0.0771,-0.0933,-0.0596,-0.0568,0.0,0.0,-0.1185,-0.1225,-0.1405,-0.0732
Methionine,0.0,0.1008,0.1139,0.1214,0.0,0.0,0.1422,0.1708,0.0,0.0
2-Hydroxybutyric acid,-0.9699,-0.7318,0.0,0.0,0.0,0.0,-0.8807,-1.042,0.5823,0.0
Hydroxyproline,-0.1654,-0.1719,0.0,0.0,0.0,0.0,0.0,0.0,0.0,0.4459
Serine,-0.2109,-0.2256,-0.2169,-0.127,0.0,0.0,-0.1832,-0.1133,-0.107,0.0
Creatine,0.1888,0.3582,0.2754,0.1394,0.0,0.0,0.1286,0.0,0.0,0.0
Pyridoxal,0.0,0.0,0.0,0.0,0.0,0.0,-0.3321,-0.3462,0.0,0.0
gamma-Aminobutyric acid,-0.1745,-0.2451,-0.2157,-0.1993,0.0,0.0,-0.2079,-0.1985,-0.1393,0.0
dUMP,0.7982,0.7733,0.5479,0.4783,0.0,0.0,0.7354,0.6821,0.0,0.0
Targinine,-0.162,-0.1989,-0.112,0.0,0.0,0.0,0.0,0.0,0.0,0.0
N6-Acetyllysine,0.0,0.0,0.1205,0.1392,0.0,0.0,0.1769,0.2012,0.0,0.0
Cortisol,0.0,0.6574,0.9356,0.8844,0.0,0.0,0.7649,0.7395,0.0,0.0
Ornithine,-0.1694,-0.2328,-0.1752,-0.1095,0.0,0.0,-0.2033,-0.136,0.0,0.0
11-Deoxycortisol,0.0,1.6695,2.0976,1.7864,0.0,0.0,1.6947,1.3933,-1.3689,0.0
3-Hydroxybutyric acid,-0.2548,-0.2572,0.0,0.0,0.0,0.0,0.3444,0.408,0.2856,0.0
N1-Acetylspermidine,0.1102,0.2426,0.263,0.1366,0.0,0.0,0.248,0.1432,0.0,0.0
Kynurenic acid,0.0,0.3199,0.4478,0.2942,0.0,0.0,0.2308,0.2076,0.5064,0.0
N-Acetylleucine,0.3729,0.2627,0.326,0.0,0.0,0.0,0.5765,0.4894,0.0,0.0
Cortisone,0.3673,0.6813,0.4953,0.5462,0.0,0.0,0.575,0.6948,0.0,0.0
1-Methylguanosine,0.0,0.1968,0.1068,0.0,0.0,0.0,0.2064,0.2098,0.1695,0.0
N-Acetylputrescine,0.0,0.0,0.1183,0.1006,0.0,0.0,0.1687,0.1365,0.0,0.0
Citramalic acid,0.0,0.0,0.0,0.2843,0.0,0.0,0.2722,0.3762,0.0,0.0
Dimethylarginine,-0.2062,-0.2018,0.0,0.0,0.0,0.0,0.0,0.0,0.0,0.0
Ureidopropionic acid,0.0,0.0,0.2624,0.271,0.0,0.0,0.5142,0.4322,0.0,0.0
Alloisoleucine,0.5108,0.5213,0.4215,0.0,0.0,0.0,0.6955,0.5432,0.0,0.0
N-Methyl-D-aspartic acid,0.0,0.0,0.0,0.0,0.0,0.0,0.2697,0.3265,0.0,0.0
Taurine,0.2165,0.2142,0.0,0.0,0.0,0.0,0.432,0.2665,0.0,0.0
Phosphocreatine,-0.3335,-0.3779,-0.4545,0.0,0.0,0.0,-0.3382,-0.326,0.0,0.0
CMP,0.0,0.0,0.0,0.0,0.0,0.0,0.5105,0.6277,0.0,0.0
Tryptophan,0.0,0.0,-0.1535,0.0,0.0,0.0,0.0,0.1138,-0.106,0.0
Piperine,0.0,0.0,-0.3651,-0.298,0.0,-0.7598,0.0,0.0,0.0,-0.6482
Pterin,0.3338,0.4845,0.2517,0.0,0.0,0.0,0.4736,0.2839,0.0,0.0
Aminoisobutyric acid,0.0,-0.1796,-0.178,-0.225,0.0,0.0,-0.2664,-0.2932,0.0,0.0
Tyrosine,0.0,0.0,0.1019,0.1238,0.0,0.0,0.0648,0.0932,0.0,0.0
Phenylalanine,0.0,0.0,0.0594,0.0805,0.0,0.0,0.0476,0.09,0.0,0.0
Biliverdin,0.0,-0.4583,0.0,-0.391,0.0,0.0,-0.6295,-0.4916,0.0,0.0
Homoarginine,-0.1206,-0.1872,-0.116,0.0,0.0,0.0,0.0,0.0,0.0,0.0
Asparagine,-0.0931,-0.1013,-0.1097,0.0,0.0,0.0,0.0,0.0,0.0,0.0
4-Aminohippuric acid,0.0,0.3831,0.3114,0.2706,0.0,0.0,0.3215,0.0,0.0,0.0
Phenyllactic acid,0.0,0.0,0.0,0.0,0.0,0.0,0.3565,0.4304,0.0,0.0
Hypotaurine,0.0,0.0,0.0,0.0,0.0,0.0,0.5259,0.0,0.0,0.0
Fructose 6-phosphate,0.0,0.0,0.0,0.0,0.0,0.0,-0.7685,0.0,0.0,0.0
Guanidoacetic acid,0.0,0.0,0.0,0.0,0.0,0.0,0.1611,0.0,0.0,0.0
sn-Glycero-3-phosphocholine,0.49,0.3826,0.0,0.0,0.0,0.0,0.4938,0.0,0.0,0.0
Glutamic acid,0.0,0.0,0.5412,0.3706,0.0,0.0,0.5817,0.3973,0.0,0.0
Indoleacrylic acid,0.0,0.0,0.0,0.0,0.0,0.0,-0.2917,-0.3416,0.0,-0.4265
Spermine,0.0,0.0,0.0,-0.6706,0.0,0.0,-0.8821,-0.7035,0.0,0.0
Glucose,0.0,0.0,0.1067,0.0,0.0,0.0,0.079,0.0,0.0,0.0
Cystine,-0.2412,-0.1899,0.0,0.0,0.0,0.0,0.0,0.2334,0.0,0.0
Glutamine,-0.0735,-0.0594,-0.0833,0.0,0.0,0.0,0.0,0.0853,0.0926,0.0
1-Methylhistamine,0.0,0.0,0.0,0.0,0.0,0.0,0.3352,0.0,0.0,0.0
Putrescine,0.2201,0.3326,0.0,0.0,0.0,0.0,0.0,0.0,-0.355,0.0
Sebacic acid,0.0,0.0,0.0,0.0,0.0,0.0,-0.2742,-0.3793,0.5347,0.0
Pipecolic acid,0.0,0.0,0.0,0.0,0.0,-0.2763,0.0,0.0,0.0,-0.3255
Betaine,-0.0495,0.0,0.0,0.0,0.0,0.0,0.0,0.0503,0.0919,0.0
Phosphoserine,-0.4188,-0.5181,-0.4761,0.0,0.0,0.0,-0.3331,0.0,0.0,0.0
Pregnenolone sulfate,0.0,0.4538,0.5122,0.5134,0.0,0.0,0.4238,0.3153,-0.5525,-0.5181
Histidine,-0.079,-0.0999,0.0,0.0,0.0,0.0,0.0,0.1039,0.0,0.0
Phosphoethanolamine,0.3355,0.2735,0.0,0.0,0.0,0.0,0.3622,0.0,0.0,0.0
ATP,0.0,0.0,-0.6674,0.0,0.0,0.0,0.0,0.0,0.0,0.0
L-Urobilin,0.0,0.0,0.786,0.84,0.0,0.0,0.0,0.0,0.0,0.0
N4-Acetylcytidine,0.0,0.0,0.0,0.0,0.0,0.0,0.0,0.0,0.2119,0.0
Threonine,0.0,0.0,-0.0868,0.0,0.0,0.0,-0.108,0.0,-0.1468,0.0
1-Methyladenosine,0.0,0.0,0.0,0.0996,0.0,0.0,0.0,0.097,0.1372,0.0
13-cis-Retinoic acid,-0.6917,0.0,-0.6802,0.0,0.0,0.0,-0.6881,-0.7957,0.0,0.0
Urocanic acid,-0.5171,-0.664,0.0,0.0,0.0,0.0,0.0,0.0,0.0,0.0
Cytosine,0.0,0.2131,0.0,0.0,0.0,0.0,0.0,0.0,0.0,0.0
sn-Glycero-3-phosphate,0.0,0.0,0.0,0.2748,0.0,0.0,0.0,0.0,-0.4913,0.0
Dimethylglycine,-0.0833,-0.0833,0.0,0.0,0.0,0.0,0.0,0.0,0.0,0.0
5-Hydroxyindoleacetic acid,0.3812,0.4556,0.0,0.4082,0.0,0.0,0.0,0.3961,0.0,0.0
Aspirin,0.0,0.0,0.0,0.0,0.0,0.0,-0.5556,0.0,0.0,0.0
Hyocholic acid,0.0,0.0,0.0,0.0,0.0,0.0,0.0,0.0,-0.7052,-0.6332
Glycochenodeoxycholic acid,0.0,0.0,0.0,0.0,0.0,0.0,-0.7363,-0.7427,0.0,0.0
Hydroxyphenyllactic acid,0.0,0.0,0.0,0.0,0.0,0.0,0.4921,0.6134,0.0,0.0
Cysteine,-0.2596,0.0,0.0,0.0,0.0,0.0,0.0,0.0,0.0,0.0
Tauroursodeoxycholic acid,0.0,0.0,0.0,0.0,0.0,0.0,0.0,-0.3804,0.0,0.0
UMP,0.0,0.0,-0.491,0.0,0.0,0.0,0.0,-0.5151,0.0,0.0
3-Hydroxybenzoic acid,0.0,0.0,0.0,0.0,0.0,0.0,0.0,-0.4265,0.0,0.0
Maleic acid,0.0,0.0,0.0,0.0,0.0,0.0,0.3266,0.0,0.0,0.0
Dehydroepiandrosterone sulfate,0.0,0.1547,0.0,0.0,0.0,0.0,0.0,0.0,0.0,-0.2198
Glycine,0.0,0.0,-0.0729,-0.0732,0.0,0.0,-0.0629,0.0,0.0,0.0
Glutaric acid,-0.276,0.0,0.0,0.0,0.0,0.0,0.0,0.0,0.0,0.0
N(6)-Methyllysine,-0.0728,-0.0845,0.0,0.0,0.0,0.0,0.0,0.0,0.0,0.0
Trigonelline,0.0,0.2345,0.0,0.0,0.0,0.0,0.2851,0.0,0.0,0.0
Deoxyuridine,0.0,-0.1345,-0.1258,0.0,0.0,0.0,0.0,0.0,0.0,0.0
Pseudouridine,-0.1185,0.0,0.0,0.0,0.0,0.0,0.0,0.0919,0.1421,0.0
Niacinamide,0.0,0.0,0.0,0.0,0.0,0.0,0.0,0.0,0.6441,0.0
Adipic acid,0.0,0.0,-0.1757,0.0,0.0,0.0,0.0,0.0,0.0,0.0
N-Methyl-proline,0.0,0.0,0.0,0.0,0.0,0.0,0.0,0.0,0.0,0.5138
Indole-3-methyl acetate,-0.3038,-0.2934,0.0,-0.3618,0.0,0.0,0.0,0.0,0.0,0.0
Spermidine,0.0,0.0,0.0,0.0,0.0,0.0,-0.461,-0.4315,0.0,0.0
UDP-glucose,0.0,0.0,-0.5787,-0.491,0.0,0.0,0.0,0.0,0.0,0.0
Carnitine,0.0,-0.0562,-0.0638,0.0,0.0,0.0,0.0,0.0,0.0,0.0
4-Acetamidobutanoic acid,0.0,0.0,0.2217,0.0,0.0,0.0,0.1967,0.0,0.0,0.0
AMP,0.0,0.0,-0.6547,0.0,0.0,0.0,0.0,0.0,0.0,0.0
Rosmarinic acid,0.2029,0.1886,0.0,0.0,0.0,0.0,0.0,0.0,0.0,0.0
Pyridoxamine,0.0,0.0,0.0,0.0,0.0,0.0,-0.1563,0.0,0.0,0.0
Kynurenine,0.0,0.0,-0.1464,0.0,0.0,0.0,0.0,0.1451,0.0,0.0
Taurocholic acid,0.0,0.0,0.0,0.0,0.0,0.0,0.0,-0.5475,0.0,0.0
"(E,E)-Trichostachine",0.0,0.0,0.0,0.0,0.0,0.0,0.0,0.0,-1.4531,0.0
Allantoin,0.0,0.0,0.0,0.0,0.0,0.0,0.0,0.2591,0.0,0.0
Oxaloacetic acid,-0.3372,0.0,0.0,0.0,0.0,0.0,0.0,0.0,0.0,0.0
Choline phosphate,0.2671,0.2389,0.0,0.0,0.0,0.0,0.2271,0.0,0.0,0.0
Sphinganine,0.3212,0.0,0.0,0.0,0.0,0.0,0.0,0.0,0.0,0.0
7alpha-Hydroxy-4-cholesten-3-one,0.0,0.0,0.0,0.0,-0.4719,-0.4453,0.0,0.0,0.0,0.0
Oxidized glutathione,0.0,0.0,0.0,-0.931,0.0,0.0,0.0,0.0,0.0,0.0
Lysine,-0.0795,-0.0822,0.0,0.0,0.0,0.0,0.0,0.0,0.0,0.0
Glycolithocholic acid,0.0,0.0,0.0,0.0,0.0,0.0,0.0,-0.5462,0.0,0.0
1-Methyluric acid,0.0,0.0,0.0,0.0,0.0,0.0,0.0,0.2861,0.0,0.0
N-Acetylornithine,0.0,0.0,0.0,0.0,0.0,0.0,0.0,0.0,0.0,-0.1691
Ectoine,0.0,0.0,0.0,0.0,0.0,0.0,0.2329,0.0,0.0,-0.3702
Thiamine,0.0,0.0,0.2727,0.0,0.0,0.0,0.2673,0.0,0.0,0.0
3-Hydroxyanthranilic acid,0.0,0.0,0.0,0.4441,0.0,0.0,0.0,0.4121,0.0,0.0
5alpha-Androstane-3alpha-ol-17-one sulfate,0.0,0.0,0.0,0.0,0.0,0.0,0.0,0.0,0.0,-0.2257
3-Methylhistidine,-0.1563,0.0,0.0,0.0,0.0,0.0,0.0,0.0,0.0,0.0
Glycodeoxycholic acid,0.0,0.0,0.0,0.0,0.0,0.0,0.0,-0.5137,0.0,0.0
Palmitoyl-EA,0.0,0.0,0.0,0.0,0.0,0.0,0.0,0.0,0.3765,0.0
Methionine sulfoxide,-0.1387,0.0,0.0,0.0,0.0,0.0,0.0,0.0,0.0,0.0
Oleoyl-EA,0.0,0.0,0.0,0.0,0.0,0.0,0.0,0.0,0.554,0.0
Homocitrulline,0.0,0.0,0.0,0.0,0.0,0.0,0.0,0.3475,0.0,0.0
Methylimidazoleacetic acid,0.0,0.0,0.0,0.0,0.0,0.0,0.0,0.1217,0.0,0.0
Retinol,0.0,0.0,0.0,0.0,0.0,0.0,0.0,-0.1507,0.0,0.0
Triethanolamine,0.0,0.0,0.0,0.0,0.0,0.0,0.0,0.0,0.0,0.0
1-Methylhistidine,0.0,0.0,0.0,0.0,0.0,0.0,0.0,0.0,0.0,0.0
Taurochenodeoxycholic acid,0.0,0.0,0.0,0.0,0.0,0.0,0.0,0.0,0.0,0.0
Sphingosine 1-phosphate,0.0,0.0,0.0,0.0,0.0,0.0,0.0,0.0,0.0,0.0
Sphingosine,0.0,0.0,0.0,0.0,0.0,0.0,0.0,0.0,0.0,0.0
Cholic acid,0.0,0.0,0.0,0.0,0.0,0.0,0.0,0.0,0.0,0.0
3-Methylxanthine,0.0,0.0,0.0,0.0,0.0,0.0,0.0,0.0,0.0,0.0
Homocysteine,0.0,0.0,0.0,0.0,0.0,0.0,0.0,0.0,0.0,0.0
N-Acetylneuraminic acid,0.0,0.0,0.0,0.0,0.0,0.0,0.0,0.0,0.0,0.0
5'-Methylthioadenosine,0.0,0.0,0.0,0.0,0.0,0.0,0.0,0.0,0.0,0.0
Uracil,0.0,0.0,0.0,0.0,0.0,0.0,0.0,0.0,0.0,0.0
N-6-Trimethyllysine,0.0,0.0,0.0,0.0,0.0,0.0,0.0,0.0,0.0,0.0
Proline betaine,0.0,0.0,0.0,0.0,0.0,0.0,0.0,0.0,0.0,0.0
Retinoic acid,0.0,0.0,0.0,0.0,0.0,0.0,0.0,0.0,0.0,0.0
Ursodeoxycholic acid,0.0,0.0,0.0,0.0,0.0,0.0,0.0,0.0,0.0,0.0
5-Hydroxy-tryptophan,0.0,0.0,0.0,0.0,0.0,0.0,0.0,0.0,0.0,0.0
Cytidine,0.0,0.0,0.0,0.0,0.0,0.0,0.0,0.0,0.0,0.0
Hyodeoxycholic acid,0.0,0.0,0.0,0.0,0.0,0.0,0.0,0.0,0.0,0.0
Oleamide,0.0,0.0,0.0,0.0,0.0,0.0,0.0,0.0,0.0,0.0
Arginine,0.0,0.0,0.0,0.0,0.0,0.0,0.0,0.0,0.0,0.0
Indoleacetic acid,0.0,0.0,0.0,0.0,0.0,0.0,0.0,0.0,0.0,0.0
Hexose,0.0,0.0,0.0,0.0,0.0,0.0,0.0,0.0,0.0,0.0
Choline,0.0,0.0,0.0,0.0,0.0,0.0,0.0,0.0,0.0,0.0
Trimethylamine N-oxide,0.0,0.0,0.0,0.0,0.0,0.0,0.0,0.0,0.0,0.0
2-Deoxy-glucose,0.0,0.0,0.0,0.0,0.0,0.0,0.0,0.0,0.0,0.0
12(13)-EpOME,0.0,0.0,0.0,0.0,0.0,0.0,0.0,0.0,0.0,0.0
7-Methylguanine,0.0,0.0,0.0,0.0,0.0,0.0,0.0,0.0,0.0,0.0
Bilirubin,0.0,0.0,0.0,0.0,0.0,0.0,0.0,0.0,0.0,0.0
"N,N-Dicyclohexylamine",0.0,0.0,0.0,0.0,0.0,0.0,0.0,0.0,0.0,0.0
Hippuric acid,0.0,0.0,0.0,0.0,0.0,0.0,0.0,0.0,0.0,0.0
Sarcosine,0.0,0.0,0.0,0.0,0.0,0.0,0.0,0.0,0.0,0.0
N(2)-Acetyllysine,0.0,0.0,0.0,0.0,0.0,0.0,0.0,0.0,0.0,0.0
1-Methylxanthine,0.0,0.0,0.0,0.0,0.0,0.0,0.0,0.0,0.0,0.0
Nicotinic acid,0.0,0.0,0.0,0.0,0.0,0.0,0.0,0.0,0.0,0.0
Mesobilirubinogen,0.0,0.0,0.0,0.0,0.0,0.0,0.0,0.0,0.0,0.0
IMP,0.0,0.0,0.0,0.0,0.0,0.0,0.0,0.0,0.0,0.0
Paraxanthine,0.0,0.0,0.0,0.0,0.0,0.0,0.0,0.0,0.0,0.0
UTP,0.0,0.0,0.0,0.0,0.0,0.0,0.0,0.0,0.0,0.0
7-Methylxanthine,0.0,0.0,0.0,0.0,0.0,0.0,0.0,0.0,0.0,0.0
S-Allylcysteine,0.0,0.0,0.0,0.0,0.0,0.0,0.0,0.0,0.0,0.0
FAPy-adenine,0.0,0.0,0.0,0.0,0.0,0.0,0.0,0.0,0.0,0.0
N-Acetylglutamic acid,0.0,0.0,0.0,0.0,0.0,0.0,0.0,0.0,0.0,0.0
9S-HODE,0.0,0.0,0.0,0.0,0.0,0.0,0.0,0.0,0.0,0.0
Serotonin,0.0,0.0,0.0,0.0,0.0,0.0,0.0,0.0,0.0,0.0
Taurodeoxycholic acid,0.0,0.0,0.0,0.0,0.0,0.0,0.0,0.0,0.0,0.0
beta-Alanine,0.0,0.0,0.0,0.0,0.0,0.0,0.0,0.0,0.0,0.0
Monoethylglycinexylidide,0.0,0.0,0.0,0.0,0.0,0.0,0.0,0.0,0.0,0.0
Diethanolamine,0.0,0.0,0.0,0.0,0.0,0.0,0.0,0.0,0.0,0.0
5-Acetylamino-6-amino-3-methyluracil,0.0,0.0,0.0,0.0,0.0,0.0,0.0,0.0,0.0,0.0
Adenosine,0.0,0.0,0.0,0.0,0.0,0.0,0.0,0.0,0.0,0.0
Guanine,0.0,0.0,0.0,0.0,0.0,0.0,0.0,0.0,0.0,0.0
FAD,0.0,0.0,0.0,0.0,0.0,0.0,0.0,0.0,0.0,0.0
UDP-N-acetylglucosamine,0.0,0.0,0.0,0.0,0.0,0.0,0.0,0.0,0.0,0.0
Thyroxine,0.0,0.0,0.0,0.0,0.0,0.0,0.0,0.0,0.0,0.0
Glycocholic acid,0.0,0.0,0.0,0.0,0.0,0.0,0.0,0.0,0.0,0.0
Deoxyguanosine,0.0,0.0,0.0,0.0,0.0,0.0,0.0,0.0,0.0,0.0
UDP-glucuronic acid,0.0,0.0,0.0,0.0,0.0,0.0,0.0,0.0,0.0,0.0
GMP,0.0,0.0,0.0,0.0,0.0,0.0,0.0,0.0,0.0,0.0
Gluconic acid,0.0,0.0,0.0,0.0,0.0,0.0,0.0,0.0,0.0,0.0
Pyroglutamic acid,0.0,0.0,0.0,0.0,0.0,0.0,0.0,0.0,0.0,0.0
N-Acetylserotonin,0.0,0.0,0.0,0.0,0.0,0.0,0.0,0.0,0.0,0.0
1-Methyl nicotinamide,0.0,0.0,0.0,0.0,0.0,0.0,0.0,0.0,0.0,0.0
Acetylphosphate,0.0,0.0,0.0,0.0,0.0,0.0,0.0,0.0,0.0,0.0
GTP,0.0,0.0,0.0,0.0,0.0,0.0,0.0,0.0,0.0,0.0
Acetylcholine,0.0,0.0,0.0,0.0,0.0,0.0,0.0,0.0,0.0,0.0
"N1,N12-Diacetylspermine",0.0,0.0,0.0,0.0,0.0,0.0,0.0,0.0,0.0,0.0
alpha-N-Phenylacetylglutamine,0.0,0.0,0.0,0.0,0.0,0.0,0.0,0.0,0.0,0.0
Acetaminophen,0.0,0.0,0.0,0.0,0.0,0.0,0.0,0.0,0.0,0.0
2-Aminobenzoic acid,0.0,0.0,0.0,0.0,0.0,0.0,0.0,0.0,0.0,0.0
D-Urobilinogen,0.0,0.0,0.0,0.0,0.0,0.0,0.0,0.0,0.0,0.0
Glutathione,0.0,0.0,0.0,0.0,0.0,0.0,0.0,0.0,0.0,0.0
Suberic acid,0.0,0.0,0.0,0.0,0.0,0.0,0.0,0.0,0.0,0.0
alpha-Tocopherol,0.0,0.0,0.0,0.0,0.0,0.0,0.0,0.0,0.0,0.0
ADP,0.0,0.0,0.0,0.0,0.0,0.0,0.0,0.0,0.0,0.0
Protocatechuic acid,0.0,0.0,0.0,0.0,0.0,0.0,0.0,0.0,0.0,0.0
Uridine,0.0,0.0,0.0,0.0,0.0,0.0,0.0,0.0,0.0,0.0
Hordenine,0.0,0.0,0.0,0.0,0.0,0.0,0.0,0.0,0.0,0.0
Theophylline,0.0,0.0,0.0,0.0,0.0,0.0,0.0,0.0,0.0,0.0
"1,7-Dimethyluric acid",0.0,0.0,0.0,0.0,0.0,0.0,0.0,0.0,0.0,0.0
Azelaic acid,0.0,0.0,0.0,0.0,0.0,0.0,0.0,0.0,0.0,0.0
C16 Sphinganine,0.0,0.0,0.0,0.0,0.0,0.0,0.0,0.0,0.0,0.0
"trans-Cyclohexane-1,2-diol",0.0,0.0,0.0,0.0,0.0,0.0,0.0,0.0,0.0,0.0
Caffeine,0.0,0.0,0.0,0.0,0.0,0.0,0.0,0.0,0.0,0.0
Lenticin,0.0,0.0,0.0,0.0,0.0,0.0,0.0,0.0,0.0,0.0
Phthalic acid,0.0,0.0,0.0,0.0,0.0,0.0,0.0,0.0,0.0,0.0
Lithocholic acid,0.0,0.0,0.0,0.0,0.0,0.0,0.0,0.0,0.0,0.0
Methylguanidine,0.0,0.0,0.0,0.0,0.0,0.0,0.0,0.0,0.0,0.0
Monoethylhexyl phthalic acid,0.0,0.0,0.0,0.0,0.0,0.0,0.0,0.0,0.0,0.0
Theobromine,0.0,0.0,0.0,0.0,0.0,0.0,0.0,0.0,0.0,0.0
Aspartic acid,0.0,0.0,0.0,0.0,0.0,0.0,0.0,0.0,0.0,0.0
N-Acetylaspartic acid,0.0,0.0,0.0,0.0,0.0,0.0,0.0,0.0,0.0,0.0
Salicyluric acid,0.0,0.0,0.0,0.0,0.0,0.0,0.0,0.0,0.0,0.0
