display_order,human_gene_id,human_symbol,rat_gene_id,rat_symbol,human_qualifying_pair,rat_qualifying_pair,human_exercise_time_contexts,human_linked_metabolites_with_support,rat_sex_week_contexts,counterpart_mapping_sources,scope,source,interpretation
1,ENSG00000103257,SLC7A5,ENSRNOG00000018824,Slc7a5,true,true,2,8,1,HGNC,Featured ten-gene galaxy selection,graph/featured_gene_evidence.json,Qualifying RNA and linked-metabolite responses are from separate specimens. No causal or correlation claim.
2,ENSG00000139209,SLC38A4,ENSRNOG00000006653,Slc38a4,true,true,1,5,1,HGNC,Featured ten-gene galaxy selection,graph/featured_gene_evidence.json,Qualifying RNA and linked-metabolite responses are from separate specimens. No causal or correlation claim.
3,ENSG00000164904,ALDH7A1,ENSRNOG00000014645,Aldh7a1,true,true,1,3,1,HGNC,Featured ten-gene galaxy selection,graph/featured_gene_evidence.json,Qualifying RNA and linked-metabolite responses are from separate specimens. No causal or correlation claim.
4,ENSG00000124596,OARD1,ENSRNOG00000012679,Oard1,true,false,3,3,0,HGNC,Featured ten-gene galaxy selection,graph/featured_gene_evidence.json,Qualifying RNA and linked-metabolite responses are from separate specimens. No causal or correlation claim.
5,ENSG00000198805,PNP,ENSRNOG00000009982,Pnp,true,false,3,5,0,HGNC,Featured ten-gene galaxy selection,graph/featured_gene_evidence.json,Qualifying RNA and linked-metabolite responses are from separate specimens. No causal or correlation claim.
6,ENSG00000100288,CHKB,ENSRNOG00000011404,Chkb,true,false,2,1,0,HGNC,Featured ten-gene galaxy selection,graph/featured_gene_evidence.json,Qualifying RNA and linked-metabolite responses are from separate specimens. No causal or correlation claim.
7,ENSG00000105552,BCAT2,ENSRNOG00000020956,Bcat2,true,false,2,6,0,HGNC,Featured ten-gene galaxy selection,graph/featured_gene_evidence.json,Qualifying RNA and linked-metabolite responses are from separate specimens. No causal or correlation claim.
8,ENSG00000109576,AADAT,ENSRNOG00000011861,Aadat,true,false,2,5,0,HGNC,Featured ten-gene galaxy selection,graph/featured_gene_evidence.json,Qualifying RNA and linked-metabolite responses are from separate specimens. No causal or correlation claim.
9,ENSG00000125772,GPCPD1,ENSRNOG00000053201,Gpcpd1,true,false,2,2,0,HGNC,Featured ten-gene galaxy selection,graph/featured_gene_evidence.json,Qualifying RNA and linked-metabolite responses are from separate specimens. No causal or correlation claim.
10,ENSG00000139163,ETNK1,ENSRNOG00000014856,Etnk1,true,false,2,1,0,HGNC,Featured ten-gene galaxy selection,graph/featured_gene_evidence.json,Qualifying RNA and linked-metabolite responses are from separate specimens. No causal or correlation claim.
