species,gene_id,gene_symbol,tissue_id,assay,measurement,relation,observation_rows,rows_adjusted_p_below_0_05,comparisons,human_time_labels,rat_weeks,sexes,source_payload,original_neo4j_direct_edge,meaning
Human,ENSG00000103257,SLC7A5,human:muscle,transcript-rna-seq,RNA,HAS_MAPPED_EXERCISE_RESULTS_IN,6,3,endurance_control; resistance_control,15–45 min; 24 h; 3.5–4 h,,Not stratified in supplied results,docs/data/genes/900176b3b7c1b9b45b71024f.json,false,"Coverage summary of source feature results mapped to this gene. Counts preserve separate source contrasts, times and sexes; they are not independent replications."
Human,ENSG00000103257,SLC7A5,human:adipose,transcript-rna-seq,RNA,HAS_MAPPED_EXERCISE_RESULTS_IN,6,0,endurance_control; resistance_control,15–45 min after exercise; 24 h after exercise; 3.5–4 h after exercise,,Not stratified in supplied results,docs/data/genes/900176b3b7c1b9b45b71024f.json,false,"Coverage summary of source feature results mapped to this gene. Counts preserve separate source contrasts, times and sexes; they are not independent replications."
Human,ENSG00000103257,SLC7A5,human:whole-blood,transcript-rna-seq,RNA,HAS_MAPPED_EXERCISE_RESULTS_IN,10,0,endurance_control; resistance_control,10 min after exercise; 15–45 min after exercise; 24 h after exercise; 3.5–4 h after exercise; During exercise · 20 min; During exercise · 40 min,,Not stratified in supplied results,docs/data/genes/900176b3b7c1b9b45b71024f.json,false,"Coverage summary of source feature results mapped to this gene. Counts preserve separate source contrasts, times and sexes; they are not independent replications."
Rat,ENSRNOG00000018824,Slc7a5,rat:ADRNL,transcript-rna-seq,RNA,HAS_MAPPED_EXERCISE_RESULTS_IN,8,0,Endurance training versus controls,,1w; 2w; 4w; 8w,female; male,docs/data/genes/900176b3b7c1b9b45b71024f.json,false,"Coverage summary of source feature results mapped to this gene. Counts preserve separate source contrasts, times and sexes; they are not independent replications."
Rat,ENSRNOG00000018824,Slc7a5,rat:BLOOD,transcript-rna-seq,RNA,HAS_MAPPED_EXERCISE_RESULTS_IN,8,1,Endurance training versus controls,,1w; 2w; 4w; 8w,female; male,docs/data/genes/900176b3b7c1b9b45b71024f.json,false,"Coverage summary of source feature results mapped to this gene. Counts preserve separate source contrasts, times and sexes; they are not independent replications."
Rat,ENSRNOG00000018824,Slc7a5,rat:BAT,transcript-rna-seq,RNA,HAS_MAPPED_EXERCISE_RESULTS_IN,8,0,Endurance training versus controls,,1w; 2w; 4w; 8w,female; male,docs/data/genes/900176b3b7c1b9b45b71024f.json,false,"Coverage summary of source feature results mapped to this gene. Counts preserve separate source contrasts, times and sexes; they are not independent replications."
Rat,ENSRNOG00000018824,Slc7a5,rat:CORTEX,transcript-rna-seq,RNA,HAS_MAPPED_EXERCISE_RESULTS_IN,8,0,Endurance training versus controls,,1w; 2w; 4w; 8w,female; male,docs/data/genes/900176b3b7c1b9b45b71024f.json,false,"Coverage summary of source feature results mapped to this gene. Counts preserve separate source contrasts, times and sexes; they are not independent replications."
Rat,ENSRNOG00000018824,Slc7a5,rat:COLON,transcript-rna-seq,RNA,HAS_MAPPED_EXERCISE_RESULTS_IN,8,0,Endurance training versus controls,,1w; 2w; 4w; 8w,female; male,docs/data/genes/900176b3b7c1b9b45b71024f.json,false,"Coverage summary of source feature results mapped to this gene. Counts preserve separate source contrasts, times and sexes; they are not independent replications."
Rat,ENSRNOG00000018824,Slc7a5,rat:SKM-GN,transcript-rna-seq,RNA,HAS_MAPPED_EXERCISE_RESULTS_IN,8,0,Endurance training versus controls,,1w; 2w; 4w; 8w,female; male,docs/data/genes/900176b3b7c1b9b45b71024f.json,false,"Coverage summary of source feature results mapped to this gene. Counts preserve separate source contrasts, times and sexes; they are not independent replications."
Rat,ENSRNOG00000018824,Slc7a5,rat:HEART,transcript-rna-seq,RNA,HAS_MAPPED_EXERCISE_RESULTS_IN,8,0,Endurance training versus controls,,1w; 2w; 4w; 8w,female; male,docs/data/genes/900176b3b7c1b9b45b71024f.json,false,"Coverage summary of source feature results mapped to this gene. Counts preserve separate source contrasts, times and sexes; they are not independent replications."
Rat,ENSRNOG00000018824,Slc7a5,rat:HIPPOC,transcript-rna-seq,RNA,HAS_MAPPED_EXERCISE_RESULTS_IN,8,0,Endurance training versus controls,,1w; 2w; 4w; 8w,female; male,docs/data/genes/900176b3b7c1b9b45b71024f.json,false,"Coverage summary of source feature results mapped to this gene. Counts preserve separate source contrasts, times and sexes; they are not independent replications."
Rat,ENSRNOG00000018824,Slc7a5,rat:HYPOTH,transcript-rna-seq,RNA,HAS_MAPPED_EXERCISE_RESULTS_IN,8,0,Endurance training versus controls,,1w; 2w; 4w; 8w,female; male,docs/data/genes/900176b3b7c1b9b45b71024f.json,false,"Coverage summary of source feature results mapped to this gene. Counts preserve separate source contrasts, times and sexes; they are not independent replications."
Rat,ENSRNOG00000018824,Slc7a5,rat:KIDNEY,transcript-rna-seq,RNA,HAS_MAPPED_EXERCISE_RESULTS_IN,8,0,Endurance training versus controls,,1w; 2w; 4w; 8w,female; male,docs/data/genes/900176b3b7c1b9b45b71024f.json,false,"Coverage summary of source feature results mapped to this gene. Counts preserve separate source contrasts, times and sexes; they are not independent replications."
Rat,ENSRNOG00000018824,Slc7a5,rat:LIVER,transcript-rna-seq,RNA,HAS_MAPPED_EXERCISE_RESULTS_IN,8,0,Endurance training versus controls,,1w; 2w; 4w; 8w,female; male,docs/data/genes/900176b3b7c1b9b45b71024f.json,false,"Coverage summary of source feature results mapped to this gene. Counts preserve separate source contrasts, times and sexes; they are not independent replications."
Rat,ENSRNOG00000018824,Slc7a5,rat:LUNG,transcript-rna-seq,RNA,HAS_MAPPED_EXERCISE_RESULTS_IN,8,0,Endurance training versus controls,,1w; 2w; 4w; 8w,female; male,docs/data/genes/900176b3b7c1b9b45b71024f.json,false,"Coverage summary of source feature results mapped to this gene. Counts preserve separate source contrasts, times and sexes; they are not independent replications."
Rat,ENSRNOG00000018824,Slc7a5,rat:OVARY,transcript-rna-seq,RNA,HAS_MAPPED_EXERCISE_RESULTS_IN,4,0,Endurance training versus controls,,1w; 2w; 4w; 8w,female,docs/data/genes/900176b3b7c1b9b45b71024f.json,false,"Coverage summary of source feature results mapped to this gene. Counts preserve separate source contrasts, times and sexes; they are not independent replications."
Rat,ENSRNOG00000018824,Slc7a5,rat:SMLINT,transcript-rna-seq,RNA,HAS_MAPPED_EXERCISE_RESULTS_IN,8,0,Endurance training versus controls,,1w; 2w; 4w; 8w,female; male,docs/data/genes/900176b3b7c1b9b45b71024f.json,false,"Coverage summary of source feature results mapped to this gene. Counts preserve separate source contrasts, times and sexes; they are not independent replications."
Rat,ENSRNOG00000018824,Slc7a5,rat:SPLEEN,transcript-rna-seq,RNA,HAS_MAPPED_EXERCISE_RESULTS_IN,8,0,Endurance training versus controls,,1w; 2w; 4w; 8w,female; male,docs/data/genes/900176b3b7c1b9b45b71024f.json,false,"Coverage summary of source feature results mapped to this gene. Counts preserve separate source contrasts, times and sexes; they are not independent replications."
Rat,ENSRNOG00000018824,Slc7a5,rat:WAT-SC,transcript-rna-seq,RNA,HAS_MAPPED_EXERCISE_RESULTS_IN,8,0,Endurance training versus controls,,1w; 2w; 4w; 8w,female; male,docs/data/genes/900176b3b7c1b9b45b71024f.json,false,"Coverage summary of source feature results mapped to this gene. Counts preserve separate source contrasts, times and sexes; they are not independent replications."
Rat,ENSRNOG00000018824,Slc7a5,rat:TESTES,transcript-rna-seq,RNA,HAS_MAPPED_EXERCISE_RESULTS_IN,4,0,Endurance training versus controls,,1w; 2w; 4w; 8w,male,docs/data/genes/900176b3b7c1b9b45b71024f.json,false,"Coverage summary of source feature results mapped to this gene. Counts preserve separate source contrasts, times and sexes; they are not independent replications."
Rat,ENSRNOG00000018824,Slc7a5,rat:SKM-VL,transcript-rna-seq,RNA,HAS_MAPPED_EXERCISE_RESULTS_IN,8,0,Endurance training versus controls,,1w; 2w; 4w; 8w,female; male,docs/data/genes/900176b3b7c1b9b45b71024f.json,false,"Coverage summary of source feature results mapped to this gene. Counts preserve separate source contrasts, times and sexes; they are not independent replications."
Rat,ENSRNOG00000018824,Slc7a5,rat:VENACV,transcript-rna-seq,RNA,HAS_MAPPED_EXERCISE_RESULTS_IN,6,0,Endurance training versus controls,,1w; 2w; 4w; 8w,female; male,docs/data/genes/900176b3b7c1b9b45b71024f.json,false,"Coverage summary of source feature results mapped to this gene. Counts preserve separate source contrasts, times and sexes; they are not independent replications."
Human,ENSG00000139209,SLC38A4,human:muscle,transcript-rna-seq,RNA,HAS_MAPPED_EXERCISE_RESULTS_IN,6,3,endurance_control; resistance_control,15–45 min; 24 h; 3.5–4 h,,Not stratified in supplied results,docs/data/genes/9401e3fd53cc064942fa852b.json,false,"Coverage summary of source feature results mapped to this gene. Counts preserve separate source contrasts, times and sexes; they are not independent replications."
Human,ENSG00000139209,SLC38A4,human:adipose,transcript-rna-seq,RNA,HAS_MAPPED_EXERCISE_RESULTS_IN,6,0,endurance_control; resistance_control,15–45 min after exercise; 24 h after exercise; 3.5–4 h after exercise,,Not stratified in supplied results,docs/data/genes/9401e3fd53cc064942fa852b.json,false,"Coverage summary of source feature results mapped to this gene. Counts preserve separate source contrasts, times and sexes; they are not independent replications."
Rat,ENSRNOG00000006653,Slc38a4,rat:BLOOD,transcript-rna-seq,RNA,HAS_MAPPED_EXERCISE_RESULTS_IN,8,1,Endurance training versus controls,,1w; 2w; 4w; 8w,female; male,docs/data/genes/9401e3fd53cc064942fa852b.json,false,"Coverage summary of source feature results mapped to this gene. Counts preserve separate source contrasts, times and sexes; they are not independent replications."
Rat,ENSRNOG00000006653,Slc38a4,rat:BAT,transcript-rna-seq,RNA,HAS_MAPPED_EXERCISE_RESULTS_IN,8,0,Endurance training versus controls,,1w; 2w; 4w; 8w,female; male,docs/data/genes/9401e3fd53cc064942fa852b.json,false,"Coverage summary of source feature results mapped to this gene. Counts preserve separate source contrasts, times and sexes; they are not independent replications."
Rat,ENSRNOG00000006653,Slc38a4,rat:CORTEX,transcript-rna-seq,RNA,HAS_MAPPED_EXERCISE_RESULTS_IN,8,0,Endurance training versus controls,,1w; 2w; 4w; 8w,female; male,docs/data/genes/9401e3fd53cc064942fa852b.json,false,"Coverage summary of source feature results mapped to this gene. Counts preserve separate source contrasts, times and sexes; they are not independent replications."
Rat,ENSRNOG00000006653,Slc38a4,rat:COLON,transcript-rna-seq,RNA,HAS_MAPPED_EXERCISE_RESULTS_IN,8,0,Endurance training versus controls,,1w; 2w; 4w; 8w,female; male,docs/data/genes/9401e3fd53cc064942fa852b.json,false,"Coverage summary of source feature results mapped to this gene. Counts preserve separate source contrasts, times and sexes; they are not independent replications."
Rat,ENSRNOG00000006653,Slc38a4,rat:SKM-GN,transcript-rna-seq,RNA,HAS_MAPPED_EXERCISE_RESULTS_IN,8,0,Endurance training versus controls,,1w; 2w; 4w; 8w,female; male,docs/data/genes/9401e3fd53cc064942fa852b.json,false,"Coverage summary of source feature results mapped to this gene. Counts preserve separate source contrasts, times and sexes; they are not independent replications."
Rat,ENSRNOG00000006653,Slc38a4,rat:HEART,transcript-rna-seq,RNA,HAS_MAPPED_EXERCISE_RESULTS_IN,8,0,Endurance training versus controls,,1w; 2w; 4w; 8w,female; male,docs/data/genes/9401e3fd53cc064942fa852b.json,false,"Coverage summary of source feature results mapped to this gene. Counts preserve separate source contrasts, times and sexes; they are not independent replications."
Rat,ENSRNOG00000006653,Slc38a4,rat:HIPPOC,transcript-rna-seq,RNA,HAS_MAPPED_EXERCISE_RESULTS_IN,8,0,Endurance training versus controls,,1w; 2w; 4w; 8w,female; male,docs/data/genes/9401e3fd53cc064942fa852b.json,false,"Coverage summary of source feature results mapped to this gene. Counts preserve separate source contrasts, times and sexes; they are not independent replications."
Rat,ENSRNOG00000006653,Slc38a4,rat:HYPOTH,transcript-rna-seq,RNA,HAS_MAPPED_EXERCISE_RESULTS_IN,8,0,Endurance training versus controls,,1w; 2w; 4w; 8w,female; male,docs/data/genes/9401e3fd53cc064942fa852b.json,false,"Coverage summary of source feature results mapped to this gene. Counts preserve separate source contrasts, times and sexes; they are not independent replications."
Rat,ENSRNOG00000006653,Slc38a4,rat:KIDNEY,transcript-rna-seq,RNA,HAS_MAPPED_EXERCISE_RESULTS_IN,8,0,Endurance training versus controls,,1w; 2w; 4w; 8w,female; male,docs/data/genes/9401e3fd53cc064942fa852b.json,false,"Coverage summary of source feature results mapped to this gene. Counts preserve separate source contrasts, times and sexes; they are not independent replications."
Rat,ENSRNOG00000006653,Slc38a4,rat:LIVER,transcript-rna-seq,RNA,HAS_MAPPED_EXERCISE_RESULTS_IN,8,0,Endurance training versus controls,,1w; 2w; 4w; 8w,female; male,docs/data/genes/9401e3fd53cc064942fa852b.json,false,"Coverage summary of source feature results mapped to this gene. Counts preserve separate source contrasts, times and sexes; they are not independent replications."
Rat,ENSRNOG00000006653,Slc38a4,rat:LUNG,transcript-rna-seq,RNA,HAS_MAPPED_EXERCISE_RESULTS_IN,8,0,Endurance training versus controls,,1w; 2w; 4w; 8w,female; male,docs/data/genes/9401e3fd53cc064942fa852b.json,false,"Coverage summary of source feature results mapped to this gene. Counts preserve separate source contrasts, times and sexes; they are not independent replications."
Rat,ENSRNOG00000006653,Slc38a4,rat:OVARY,transcript-rna-seq,RNA,HAS_MAPPED_EXERCISE_RESULTS_IN,4,0,Endurance training versus controls,,1w; 2w; 4w; 8w,female,docs/data/genes/9401e3fd53cc064942fa852b.json,false,"Coverage summary of source feature results mapped to this gene. Counts preserve separate source contrasts, times and sexes; they are not independent replications."
Rat,ENSRNOG00000006653,Slc38a4,rat:SMLINT,transcript-rna-seq,RNA,HAS_MAPPED_EXERCISE_RESULTS_IN,8,0,Endurance training versus controls,,1w; 2w; 4w; 8w,female; male,docs/data/genes/9401e3fd53cc064942fa852b.json,false,"Coverage summary of source feature results mapped to this gene. Counts preserve separate source contrasts, times and sexes; they are not independent replications."
Rat,ENSRNOG00000006653,Slc38a4,rat:WAT-SC,transcript-rna-seq,RNA,HAS_MAPPED_EXERCISE_RESULTS_IN,8,0,Endurance training versus controls,,1w; 2w; 4w; 8w,female; male,docs/data/genes/9401e3fd53cc064942fa852b.json,false,"Coverage summary of source feature results mapped to this gene. Counts preserve separate source contrasts, times and sexes; they are not independent replications."
Rat,ENSRNOG00000006653,Slc38a4,rat:TESTES,transcript-rna-seq,RNA,HAS_MAPPED_EXERCISE_RESULTS_IN,4,0,Endurance training versus controls,,1w; 2w; 4w; 8w,male,docs/data/genes/9401e3fd53cc064942fa852b.json,false,"Coverage summary of source feature results mapped to this gene. Counts preserve separate source contrasts, times and sexes; they are not independent replications."
Rat,ENSRNOG00000006653,Slc38a4,rat:SKM-VL,transcript-rna-seq,RNA,HAS_MAPPED_EXERCISE_RESULTS_IN,8,0,Endurance training versus controls,,1w; 2w; 4w; 8w,female; male,docs/data/genes/9401e3fd53cc064942fa852b.json,false,"Coverage summary of source feature results mapped to this gene. Counts preserve separate source contrasts, times and sexes; they are not independent replications."
Rat,ENSRNOG00000006653,Slc38a4,rat:VENACV,transcript-rna-seq,RNA,HAS_MAPPED_EXERCISE_RESULTS_IN,6,0,Endurance training versus controls,,1w; 2w; 4w; 8w,female; male,docs/data/genes/9401e3fd53cc064942fa852b.json,false,"Coverage summary of source feature results mapped to this gene. Counts preserve separate source contrasts, times and sexes; they are not independent replications."
Human,ENSG00000164904,ALDH7A1,human:muscle,transcript-rna-seq,RNA,HAS_MAPPED_EXERCISE_RESULTS_IN,6,2,endurance_control; resistance_control,15–45 min; 24 h; 3.5–4 h,,Not stratified in supplied results,docs/data/genes/77b98ac5489bb3d1c7fd38a6.json,false,"Coverage summary of source feature results mapped to this gene. Counts preserve separate source contrasts, times and sexes; they are not independent replications."
Human,ENSG00000164904,ALDH7A1,human:adipose,prot-pr,Protein abundance,HAS_MAPPED_EXERCISE_RESULTS_IN,2,0,endurance_control; resistance_control,3.5–4 h after exercise,,Not stratified in supplied results,docs/data/genes/77b98ac5489bb3d1c7fd38a6.json,false,"Coverage summary of source feature results mapped to this gene. Counts preserve separate source contrasts, times and sexes; they are not independent replications."
Human,ENSG00000164904,ALDH7A1,human:adipose,transcript-rna-seq,RNA,HAS_MAPPED_EXERCISE_RESULTS_IN,6,0,endurance_control; resistance_control,15–45 min after exercise; 24 h after exercise; 3.5–4 h after exercise,,Not stratified in supplied results,docs/data/genes/77b98ac5489bb3d1c7fd38a6.json,false,"Coverage summary of source feature results mapped to this gene. Counts preserve separate source contrasts, times and sexes; they are not independent replications."
Human,ENSG00000164904,ALDH7A1,human:whole-blood,transcript-rna-seq,RNA,HAS_MAPPED_EXERCISE_RESULTS_IN,10,0,endurance_control; resistance_control,10 min after exercise; 15–45 min after exercise; 24 h after exercise; 3.5–4 h after exercise; During exercise · 20 min; During exercise · 40 min,,Not stratified in supplied results,docs/data/genes/77b98ac5489bb3d1c7fd38a6.json,false,"Coverage summary of source feature results mapped to this gene. Counts preserve separate source contrasts, times and sexes; they are not independent replications."
Rat,ENSRNOG00000014645,Aldh7a1,rat:ADRNL,transcript-rna-seq,RNA,HAS_MAPPED_EXERCISE_RESULTS_IN,8,0,Endurance training versus controls,,1w; 2w; 4w; 8w,female; male,docs/data/genes/77b98ac5489bb3d1c7fd38a6.json,false,"Coverage summary of source feature results mapped to this gene. Counts preserve separate source contrasts, times and sexes; they are not independent replications."
Rat,ENSRNOG00000014645,Aldh7a1,rat:BLOOD,transcript-rna-seq,RNA,HAS_MAPPED_EXERCISE_RESULTS_IN,8,0,Endurance training versus controls,,1w; 2w; 4w; 8w,female; male,docs/data/genes/77b98ac5489bb3d1c7fd38a6.json,false,"Coverage summary of source feature results mapped to this gene. Counts preserve separate source contrasts, times and sexes; they are not independent replications."
Rat,ENSRNOG00000014645,Aldh7a1,rat:BAT,transcript-rna-seq,RNA,HAS_MAPPED_EXERCISE_RESULTS_IN,8,1,Endurance training versus controls,,1w; 2w; 4w; 8w,female; male,docs/data/genes/77b98ac5489bb3d1c7fd38a6.json,false,"Coverage summary of source feature results mapped to this gene. Counts preserve separate source contrasts, times and sexes; they are not independent replications."
Rat,ENSRNOG00000014645,Aldh7a1,rat:CORTEX,transcript-rna-seq,RNA,HAS_MAPPED_EXERCISE_RESULTS_IN,8,0,Endurance training versus controls,,1w; 2w; 4w; 8w,female; male,docs/data/genes/77b98ac5489bb3d1c7fd38a6.json,false,"Coverage summary of source feature results mapped to this gene. Counts preserve separate source contrasts, times and sexes; they are not independent replications."
Rat,ENSRNOG00000014645,Aldh7a1,rat:COLON,transcript-rna-seq,RNA,HAS_MAPPED_EXERCISE_RESULTS_IN,8,0,Endurance training versus controls,,1w; 2w; 4w; 8w,female; male,docs/data/genes/77b98ac5489bb3d1c7fd38a6.json,false,"Coverage summary of source feature results mapped to this gene. Counts preserve separate source contrasts, times and sexes; they are not independent replications."
Rat,ENSRNOG00000014645,Aldh7a1,rat:SKM-GN,transcript-rna-seq,RNA,HAS_MAPPED_EXERCISE_RESULTS_IN,8,0,Endurance training versus controls,,1w; 2w; 4w; 8w,female; male,docs/data/genes/77b98ac5489bb3d1c7fd38a6.json,false,"Coverage summary of source feature results mapped to this gene. Counts preserve separate source contrasts, times and sexes; they are not independent replications."
Rat,ENSRNOG00000014645,Aldh7a1,rat:HEART,transcript-rna-seq,RNA,HAS_MAPPED_EXERCISE_RESULTS_IN,8,0,Endurance training versus controls,,1w; 2w; 4w; 8w,female; male,docs/data/genes/77b98ac5489bb3d1c7fd38a6.json,false,"Coverage summary of source feature results mapped to this gene. Counts preserve separate source contrasts, times and sexes; they are not independent replications."
Rat,ENSRNOG00000014645,Aldh7a1,rat:HIPPOC,transcript-rna-seq,RNA,HAS_MAPPED_EXERCISE_RESULTS_IN,8,0,Endurance training versus controls,,1w; 2w; 4w; 8w,female; male,docs/data/genes/77b98ac5489bb3d1c7fd38a6.json,false,"Coverage summary of source feature results mapped to this gene. Counts preserve separate source contrasts, times and sexes; they are not independent replications."
Rat,ENSRNOG00000014645,Aldh7a1,rat:HYPOTH,transcript-rna-seq,RNA,HAS_MAPPED_EXERCISE_RESULTS_IN,8,0,Endurance training versus controls,,1w; 2w; 4w; 8w,female; male,docs/data/genes/77b98ac5489bb3d1c7fd38a6.json,false,"Coverage summary of source feature results mapped to this gene. Counts preserve separate source contrasts, times and sexes; they are not independent replications."
Rat,ENSRNOG00000014645,Aldh7a1,rat:KIDNEY,transcript-rna-seq,RNA,HAS_MAPPED_EXERCISE_RESULTS_IN,8,0,Endurance training versus controls,,1w; 2w; 4w; 8w,female; male,docs/data/genes/77b98ac5489bb3d1c7fd38a6.json,false,"Coverage summary of source feature results mapped to this gene. Counts preserve separate source contrasts, times and sexes; they are not independent replications."
Rat,ENSRNOG00000014645,Aldh7a1,rat:LIVER,transcript-rna-seq,RNA,HAS_MAPPED_EXERCISE_RESULTS_IN,8,0,Endurance training versus controls,,1w; 2w; 4w; 8w,female; male,docs/data/genes/77b98ac5489bb3d1c7fd38a6.json,false,"Coverage summary of source feature results mapped to this gene. Counts preserve separate source contrasts, times and sexes; they are not independent replications."
Rat,ENSRNOG00000014645,Aldh7a1,rat:LUNG,transcript-rna-seq,RNA,HAS_MAPPED_EXERCISE_RESULTS_IN,8,0,Endurance training versus controls,,1w; 2w; 4w; 8w,female; male,docs/data/genes/77b98ac5489bb3d1c7fd38a6.json,false,"Coverage summary of source feature results mapped to this gene. Counts preserve separate source contrasts, times and sexes; they are not independent replications."
Rat,ENSRNOG00000014645,Aldh7a1,rat:OVARY,transcript-rna-seq,RNA,HAS_MAPPED_EXERCISE_RESULTS_IN,4,0,Endurance training versus controls,,1w; 2w; 4w; 8w,female,docs/data/genes/77b98ac5489bb3d1c7fd38a6.json,false,"Coverage summary of source feature results mapped to this gene. Counts preserve separate source contrasts, times and sexes; they are not independent replications."
Rat,ENSRNOG00000014645,Aldh7a1,rat:SMLINT,transcript-rna-seq,RNA,HAS_MAPPED_EXERCISE_RESULTS_IN,8,0,Endurance training versus controls,,1w; 2w; 4w; 8w,female; male,docs/data/genes/77b98ac5489bb3d1c7fd38a6.json,false,"Coverage summary of source feature results mapped to this gene. Counts preserve separate source contrasts, times and sexes; they are not independent replications."
Rat,ENSRNOG00000014645,Aldh7a1,rat:SPLEEN,transcript-rna-seq,RNA,HAS_MAPPED_EXERCISE_RESULTS_IN,8,0,Endurance training versus controls,,1w; 2w; 4w; 8w,female; male,docs/data/genes/77b98ac5489bb3d1c7fd38a6.json,false,"Coverage summary of source feature results mapped to this gene. Counts preserve separate source contrasts, times and sexes; they are not independent replications."
Rat,ENSRNOG00000014645,Aldh7a1,rat:WAT-SC,transcript-rna-seq,RNA,HAS_MAPPED_EXERCISE_RESULTS_IN,8,0,Endurance training versus controls,,1w; 2w; 4w; 8w,female; male,docs/data/genes/77b98ac5489bb3d1c7fd38a6.json,false,"Coverage summary of source feature results mapped to this gene. Counts preserve separate source contrasts, times and sexes; they are not independent replications."
Rat,ENSRNOG00000014645,Aldh7a1,rat:TESTES,transcript-rna-seq,RNA,HAS_MAPPED_EXERCISE_RESULTS_IN,4,0,Endurance training versus controls,,1w; 2w; 4w; 8w,male,docs/data/genes/77b98ac5489bb3d1c7fd38a6.json,false,"Coverage summary of source feature results mapped to this gene. Counts preserve separate source contrasts, times and sexes; they are not independent replications."
Rat,ENSRNOG00000014645,Aldh7a1,rat:SKM-VL,transcript-rna-seq,RNA,HAS_MAPPED_EXERCISE_RESULTS_IN,8,0,Endurance training versus controls,,1w; 2w; 4w; 8w,female; male,docs/data/genes/77b98ac5489bb3d1c7fd38a6.json,false,"Coverage summary of source feature results mapped to this gene. Counts preserve separate source contrasts, times and sexes; they are not independent replications."
Rat,ENSRNOG00000014645,Aldh7a1,rat:VENACV,transcript-rna-seq,RNA,HAS_MAPPED_EXERCISE_RESULTS_IN,6,0,Endurance training versus controls,,1w; 2w; 4w; 8w,female; male,docs/data/genes/77b98ac5489bb3d1c7fd38a6.json,false,"Coverage summary of source feature results mapped to this gene. Counts preserve separate source contrasts, times and sexes; they are not independent replications."
Human,ENSG00000124596,OARD1,human:muscle,transcript-rna-seq,RNA,HAS_MAPPED_EXERCISE_RESULTS_IN,6,4,endurance_control; resistance_control,15–45 min; 24 h; 3.5–4 h,,Not stratified in supplied results,docs/data/genes/463c6d8e0650a048935f3718.json,false,"Coverage summary of source feature results mapped to this gene. Counts preserve separate source contrasts, times and sexes; they are not independent replications."
Human,ENSG00000124596,OARD1,human:adipose,prot-pr,Protein abundance,HAS_MAPPED_EXERCISE_RESULTS_IN,2,0,endurance_control; resistance_control,3.5–4 h after exercise,,Not stratified in supplied results,docs/data/genes/463c6d8e0650a048935f3718.json,false,"Coverage summary of source feature results mapped to this gene. Counts preserve separate source contrasts, times and sexes; they are not independent replications."
Human,ENSG00000124596,OARD1,human:adipose,transcript-rna-seq,RNA,HAS_MAPPED_EXERCISE_RESULTS_IN,6,0,endurance_control; resistance_control,15–45 min after exercise; 24 h after exercise; 3.5–4 h after exercise,,Not stratified in supplied results,docs/data/genes/463c6d8e0650a048935f3718.json,false,"Coverage summary of source feature results mapped to this gene. Counts preserve separate source contrasts, times and sexes; they are not independent replications."
Human,ENSG00000124596,OARD1,human:whole-blood,transcript-rna-seq,RNA,HAS_MAPPED_EXERCISE_RESULTS_IN,10,0,endurance_control; resistance_control,10 min after exercise; 15–45 min after exercise; 24 h after exercise; 3.5–4 h after exercise; During exercise · 20 min; During exercise · 40 min,,Not stratified in supplied results,docs/data/genes/463c6d8e0650a048935f3718.json,false,"Coverage summary of source feature results mapped to this gene. Counts preserve separate source contrasts, times and sexes; they are not independent replications."
Rat,ENSRNOG00000012679,Oard1,rat:ADRNL,transcript-rna-seq,RNA,HAS_MAPPED_EXERCISE_RESULTS_IN,8,0,Endurance training versus controls,,1w; 2w; 4w; 8w,female; male,docs/data/genes/463c6d8e0650a048935f3718.json,false,"Coverage summary of source feature results mapped to this gene. Counts preserve separate source contrasts, times and sexes; they are not independent replications."
Rat,ENSRNOG00000012679,Oard1,rat:BLOOD,transcript-rna-seq,RNA,HAS_MAPPED_EXERCISE_RESULTS_IN,8,0,Endurance training versus controls,,1w; 2w; 4w; 8w,female; male,docs/data/genes/463c6d8e0650a048935f3718.json,false,"Coverage summary of source feature results mapped to this gene. Counts preserve separate source contrasts, times and sexes; they are not independent replications."
Rat,ENSRNOG00000012679,Oard1,rat:BAT,transcript-rna-seq,RNA,HAS_MAPPED_EXERCISE_RESULTS_IN,8,0,Endurance training versus controls,,1w; 2w; 4w; 8w,female; male,docs/data/genes/463c6d8e0650a048935f3718.json,false,"Coverage summary of source feature results mapped to this gene. Counts preserve separate source contrasts, times and sexes; they are not independent replications."
Rat,ENSRNOG00000012679,Oard1,rat:CORTEX,transcript-rna-seq,RNA,HAS_MAPPED_EXERCISE_RESULTS_IN,8,0,Endurance training versus controls,,1w; 2w; 4w; 8w,female; male,docs/data/genes/463c6d8e0650a048935f3718.json,false,"Coverage summary of source feature results mapped to this gene. Counts preserve separate source contrasts, times and sexes; they are not independent replications."
Rat,ENSRNOG00000012679,Oard1,rat:COLON,transcript-rna-seq,RNA,HAS_MAPPED_EXERCISE_RESULTS_IN,8,0,Endurance training versus controls,,1w; 2w; 4w; 8w,female; male,docs/data/genes/463c6d8e0650a048935f3718.json,false,"Coverage summary of source feature results mapped to this gene. Counts preserve separate source contrasts, times and sexes; they are not independent replications."
Rat,ENSRNOG00000012679,Oard1,rat:SKM-GN,transcript-rna-seq,RNA,HAS_MAPPED_EXERCISE_RESULTS_IN,8,0,Endurance training versus controls,,1w; 2w; 4w; 8w,female; male,docs/data/genes/463c6d8e0650a048935f3718.json,false,"Coverage summary of source feature results mapped to this gene. Counts preserve separate source contrasts, times and sexes; they are not independent replications."
Rat,ENSRNOG00000012679,Oard1,rat:HEART,transcript-rna-seq,RNA,HAS_MAPPED_EXERCISE_RESULTS_IN,8,0,Endurance training versus controls,,1w; 2w; 4w; 8w,female; male,docs/data/genes/463c6d8e0650a048935f3718.json,false,"Coverage summary of source feature results mapped to this gene. Counts preserve separate source contrasts, times and sexes; they are not independent replications."
Rat,ENSRNOG00000012679,Oard1,rat:HIPPOC,transcript-rna-seq,RNA,HAS_MAPPED_EXERCISE_RESULTS_IN,8,0,Endurance training versus controls,,1w; 2w; 4w; 8w,female; male,docs/data/genes/463c6d8e0650a048935f3718.json,false,"Coverage summary of source feature results mapped to this gene. Counts preserve separate source contrasts, times and sexes; they are not independent replications."
Rat,ENSRNOG00000012679,Oard1,rat:HYPOTH,transcript-rna-seq,RNA,HAS_MAPPED_EXERCISE_RESULTS_IN,8,0,Endurance training versus controls,,1w; 2w; 4w; 8w,female; male,docs/data/genes/463c6d8e0650a048935f3718.json,false,"Coverage summary of source feature results mapped to this gene. Counts preserve separate source contrasts, times and sexes; they are not independent replications."
Rat,ENSRNOG00000012679,Oard1,rat:KIDNEY,transcript-rna-seq,RNA,HAS_MAPPED_EXERCISE_RESULTS_IN,8,0,Endurance training versus controls,,1w; 2w; 4w; 8w,female; male,docs/data/genes/463c6d8e0650a048935f3718.json,false,"Coverage summary of source feature results mapped to this gene. Counts preserve separate source contrasts, times and sexes; they are not independent replications."
Rat,ENSRNOG00000012679,Oard1,rat:LIVER,transcript-rna-seq,RNA,HAS_MAPPED_EXERCISE_RESULTS_IN,8,0,Endurance training versus controls,,1w; 2w; 4w; 8w,female; male,docs/data/genes/463c6d8e0650a048935f3718.json,false,"Coverage summary of source feature results mapped to this gene. Counts preserve separate source contrasts, times and sexes; they are not independent replications."
Rat,ENSRNOG00000012679,Oard1,rat:LUNG,transcript-rna-seq,RNA,HAS_MAPPED_EXERCISE_RESULTS_IN,8,0,Endurance training versus controls,,1w; 2w; 4w; 8w,female; male,docs/data/genes/463c6d8e0650a048935f3718.json,false,"Coverage summary of source feature results mapped to this gene. Counts preserve separate source contrasts, times and sexes; they are not independent replications."
Rat,ENSRNOG00000012679,Oard1,rat:OVARY,transcript-rna-seq,RNA,HAS_MAPPED_EXERCISE_RESULTS_IN,4,0,Endurance training versus controls,,1w; 2w; 4w; 8w,female,docs/data/genes/463c6d8e0650a048935f3718.json,false,"Coverage summary of source feature results mapped to this gene. Counts preserve separate source contrasts, times and sexes; they are not independent replications."
Rat,ENSRNOG00000012679,Oard1,rat:SMLINT,transcript-rna-seq,RNA,HAS_MAPPED_EXERCISE_RESULTS_IN,8,0,Endurance training versus controls,,1w; 2w; 4w; 8w,female; male,docs/data/genes/463c6d8e0650a048935f3718.json,false,"Coverage summary of source feature results mapped to this gene. Counts preserve separate source contrasts, times and sexes; they are not independent replications."
Rat,ENSRNOG00000012679,Oard1,rat:SPLEEN,transcript-rna-seq,RNA,HAS_MAPPED_EXERCISE_RESULTS_IN,8,0,Endurance training versus controls,,1w; 2w; 4w; 8w,female; male,docs/data/genes/463c6d8e0650a048935f3718.json,false,"Coverage summary of source feature results mapped to this gene. Counts preserve separate source contrasts, times and sexes; they are not independent replications."
Rat,ENSRNOG00000012679,Oard1,rat:WAT-SC,transcript-rna-seq,RNA,HAS_MAPPED_EXERCISE_RESULTS_IN,8,0,Endurance training versus controls,,1w; 2w; 4w; 8w,female; male,docs/data/genes/463c6d8e0650a048935f3718.json,false,"Coverage summary of source feature results mapped to this gene. Counts preserve separate source contrasts, times and sexes; they are not independent replications."
Rat,ENSRNOG00000012679,Oard1,rat:TESTES,transcript-rna-seq,RNA,HAS_MAPPED_EXERCISE_RESULTS_IN,4,0,Endurance training versus controls,,1w; 2w; 4w; 8w,male,docs/data/genes/463c6d8e0650a048935f3718.json,false,"Coverage summary of source feature results mapped to this gene. Counts preserve separate source contrasts, times and sexes; they are not independent replications."
Rat,ENSRNOG00000012679,Oard1,rat:SKM-VL,transcript-rna-seq,RNA,HAS_MAPPED_EXERCISE_RESULTS_IN,8,0,Endurance training versus controls,,1w; 2w; 4w; 8w,female; male,docs/data/genes/463c6d8e0650a048935f3718.json,false,"Coverage summary of source feature results mapped to this gene. Counts preserve separate source contrasts, times and sexes; they are not independent replications."
Rat,ENSRNOG00000012679,Oard1,rat:VENACV,transcript-rna-seq,RNA,HAS_MAPPED_EXERCISE_RESULTS_IN,6,0,Endurance training versus controls,,1w; 2w; 4w; 8w,female; male,docs/data/genes/463c6d8e0650a048935f3718.json,false,"Coverage summary of source feature results mapped to this gene. Counts preserve separate source contrasts, times and sexes; they are not independent replications."
Human,ENSG00000198805,PNP,human:muscle,transcript-rna-seq,RNA,HAS_MAPPED_EXERCISE_RESULTS_IN,6,4,endurance_control; resistance_control,15–45 min; 24 h; 3.5–4 h,,Not stratified in supplied results,docs/data/genes/e2a8c1b6495d04b121832d86.json,false,"Coverage summary of source feature results mapped to this gene. Counts preserve separate source contrasts, times and sexes; they are not independent replications."
Human,ENSG00000198805,PNP,human:adipose,prot-pr,Protein abundance,HAS_MAPPED_EXERCISE_RESULTS_IN,2,0,endurance_control; resistance_control,3.5–4 h after exercise,,Not stratified in supplied results,docs/data/genes/e2a8c1b6495d04b121832d86.json,false,"Coverage summary of source feature results mapped to this gene. Counts preserve separate source contrasts, times and sexes; they are not independent replications."
Human,ENSG00000198805,PNP,human:adipose,transcript-rna-seq,RNA,HAS_MAPPED_EXERCISE_RESULTS_IN,6,0,endurance_control; resistance_control,15–45 min after exercise; 24 h after exercise; 3.5–4 h after exercise,,Not stratified in supplied results,docs/data/genes/e2a8c1b6495d04b121832d86.json,false,"Coverage summary of source feature results mapped to this gene. Counts preserve separate source contrasts, times and sexes; they are not independent replications."
Human,ENSG00000198805,PNP,human:whole-blood,transcript-rna-seq,RNA,HAS_MAPPED_EXERCISE_RESULTS_IN,10,1,endurance_control; resistance_control,10 min after exercise; 15–45 min after exercise; 24 h after exercise; 3.5–4 h after exercise; During exercise · 20 min; During exercise · 40 min,,Not stratified in supplied results,docs/data/genes/e2a8c1b6495d04b121832d86.json,false,"Coverage summary of source feature results mapped to this gene. Counts preserve separate source contrasts, times and sexes; they are not independent replications."
Rat,ENSRNOG00000009982,Pnp,rat:ADRNL,transcript-rna-seq,RNA,HAS_MAPPED_EXERCISE_RESULTS_IN,8,0,Endurance training versus controls,,1w; 2w; 4w; 8w,female; male,docs/data/genes/e2a8c1b6495d04b121832d86.json,false,"Coverage summary of source feature results mapped to this gene. Counts preserve separate source contrasts, times and sexes; they are not independent replications."
Rat,ENSRNOG00000009982,Pnp,rat:BLOOD,transcript-rna-seq,RNA,HAS_MAPPED_EXERCISE_RESULTS_IN,8,0,Endurance training versus controls,,1w; 2w; 4w; 8w,female; male,docs/data/genes/e2a8c1b6495d04b121832d86.json,false,"Coverage summary of source feature results mapped to this gene. Counts preserve separate source contrasts, times and sexes; they are not independent replications."
Rat,ENSRNOG00000009982,Pnp,rat:BAT,transcript-rna-seq,RNA,HAS_MAPPED_EXERCISE_RESULTS_IN,8,0,Endurance training versus controls,,1w; 2w; 4w; 8w,female; male,docs/data/genes/e2a8c1b6495d04b121832d86.json,false,"Coverage summary of source feature results mapped to this gene. Counts preserve separate source contrasts, times and sexes; they are not independent replications."
Rat,ENSRNOG00000009982,Pnp,rat:CORTEX,transcript-rna-seq,RNA,HAS_MAPPED_EXERCISE_RESULTS_IN,8,0,Endurance training versus controls,,1w; 2w; 4w; 8w,female; male,docs/data/genes/e2a8c1b6495d04b121832d86.json,false,"Coverage summary of source feature results mapped to this gene. Counts preserve separate source contrasts, times and sexes; they are not independent replications."
Rat,ENSRNOG00000009982,Pnp,rat:COLON,transcript-rna-seq,RNA,HAS_MAPPED_EXERCISE_RESULTS_IN,8,0,Endurance training versus controls,,1w; 2w; 4w; 8w,female; male,docs/data/genes/e2a8c1b6495d04b121832d86.json,false,"Coverage summary of source feature results mapped to this gene. Counts preserve separate source contrasts, times and sexes; they are not independent replications."
Rat,ENSRNOG00000009982,Pnp,rat:SKM-GN,transcript-rna-seq,RNA,HAS_MAPPED_EXERCISE_RESULTS_IN,8,0,Endurance training versus controls,,1w; 2w; 4w; 8w,female; male,docs/data/genes/e2a8c1b6495d04b121832d86.json,false,"Coverage summary of source feature results mapped to this gene. Counts preserve separate source contrasts, times and sexes; they are not independent replications."
Rat,ENSRNOG00000009982,Pnp,rat:HEART,transcript-rna-seq,RNA,HAS_MAPPED_EXERCISE_RESULTS_IN,8,0,Endurance training versus controls,,1w; 2w; 4w; 8w,female; male,docs/data/genes/e2a8c1b6495d04b121832d86.json,false,"Coverage summary of source feature results mapped to this gene. Counts preserve separate source contrasts, times and sexes; they are not independent replications."
Rat,ENSRNOG00000009982,Pnp,rat:HIPPOC,transcript-rna-seq,RNA,HAS_MAPPED_EXERCISE_RESULTS_IN,8,0,Endurance training versus controls,,1w; 2w; 4w; 8w,female; male,docs/data/genes/e2a8c1b6495d04b121832d86.json,false,"Coverage summary of source feature results mapped to this gene. Counts preserve separate source contrasts, times and sexes; they are not independent replications."
Rat,ENSRNOG00000009982,Pnp,rat:HYPOTH,transcript-rna-seq,RNA,HAS_MAPPED_EXERCISE_RESULTS_IN,8,0,Endurance training versus controls,,1w; 2w; 4w; 8w,female; male,docs/data/genes/e2a8c1b6495d04b121832d86.json,false,"Coverage summary of source feature results mapped to this gene. Counts preserve separate source contrasts, times and sexes; they are not independent replications."
Rat,ENSRNOG00000009982,Pnp,rat:KIDNEY,transcript-rna-seq,RNA,HAS_MAPPED_EXERCISE_RESULTS_IN,8,0,Endurance training versus controls,,1w; 2w; 4w; 8w,female; male,docs/data/genes/e2a8c1b6495d04b121832d86.json,false,"Coverage summary of source feature results mapped to this gene. Counts preserve separate source contrasts, times and sexes; they are not independent replications."
Rat,ENSRNOG00000009982,Pnp,rat:LIVER,transcript-rna-seq,RNA,HAS_MAPPED_EXERCISE_RESULTS_IN,8,0,Endurance training versus controls,,1w; 2w; 4w; 8w,female; male,docs/data/genes/e2a8c1b6495d04b121832d86.json,false,"Coverage summary of source feature results mapped to this gene. Counts preserve separate source contrasts, times and sexes; they are not independent replications."
Rat,ENSRNOG00000009982,Pnp,rat:LUNG,transcript-rna-seq,RNA,HAS_MAPPED_EXERCISE_RESULTS_IN,8,0,Endurance training versus controls,,1w; 2w; 4w; 8w,female; male,docs/data/genes/e2a8c1b6495d04b121832d86.json,false,"Coverage summary of source feature results mapped to this gene. Counts preserve separate source contrasts, times and sexes; they are not independent replications."
Rat,ENSRNOG00000009982,Pnp,rat:OVARY,transcript-rna-seq,RNA,HAS_MAPPED_EXERCISE_RESULTS_IN,4,0,Endurance training versus controls,,1w; 2w; 4w; 8w,female,docs/data/genes/e2a8c1b6495d04b121832d86.json,false,"Coverage summary of source feature results mapped to this gene. Counts preserve separate source contrasts, times and sexes; they are not independent replications."
Rat,ENSRNOG00000009982,Pnp,rat:SMLINT,transcript-rna-seq,RNA,HAS_MAPPED_EXERCISE_RESULTS_IN,8,0,Endurance training versus controls,,1w; 2w; 4w; 8w,female; male,docs/data/genes/e2a8c1b6495d04b121832d86.json,false,"Coverage summary of source feature results mapped to this gene. Counts preserve separate source contrasts, times and sexes; they are not independent replications."
Rat,ENSRNOG00000009982,Pnp,rat:SPLEEN,transcript-rna-seq,RNA,HAS_MAPPED_EXERCISE_RESULTS_IN,8,0,Endurance training versus controls,,1w; 2w; 4w; 8w,female; male,docs/data/genes/e2a8c1b6495d04b121832d86.json,false,"Coverage summary of source feature results mapped to this gene. Counts preserve separate source contrasts, times and sexes; they are not independent replications."
Rat,ENSRNOG00000009982,Pnp,rat:WAT-SC,transcript-rna-seq,RNA,HAS_MAPPED_EXERCISE_RESULTS_IN,8,0,Endurance training versus controls,,1w; 2w; 4w; 8w,female; male,docs/data/genes/e2a8c1b6495d04b121832d86.json,false,"Coverage summary of source feature results mapped to this gene. Counts preserve separate source contrasts, times and sexes; they are not independent replications."
Rat,ENSRNOG00000009982,Pnp,rat:TESTES,transcript-rna-seq,RNA,HAS_MAPPED_EXERCISE_RESULTS_IN,4,0,Endurance training versus controls,,1w; 2w; 4w; 8w,male,docs/data/genes/e2a8c1b6495d04b121832d86.json,false,"Coverage summary of source feature results mapped to this gene. Counts preserve separate source contrasts, times and sexes; they are not independent replications."
Rat,ENSRNOG00000009982,Pnp,rat:SKM-VL,transcript-rna-seq,RNA,HAS_MAPPED_EXERCISE_RESULTS_IN,8,0,Endurance training versus controls,,1w; 2w; 4w; 8w,female; male,docs/data/genes/e2a8c1b6495d04b121832d86.json,false,"Coverage summary of source feature results mapped to this gene. Counts preserve separate source contrasts, times and sexes; they are not independent replications."
Rat,ENSRNOG00000009982,Pnp,rat:VENACV,transcript-rna-seq,RNA,HAS_MAPPED_EXERCISE_RESULTS_IN,6,0,Endurance training versus controls,,1w; 2w; 4w; 8w,female; male,docs/data/genes/e2a8c1b6495d04b121832d86.json,false,"Coverage summary of source feature results mapped to this gene. Counts preserve separate source contrasts, times and sexes; they are not independent replications."
Human,ENSG00000100288,CHKB,human:muscle,transcript-rna-seq,RNA,HAS_MAPPED_EXERCISE_RESULTS_IN,6,4,endurance_control; resistance_control,15–45 min; 24 h; 3.5–4 h,,Not stratified in supplied results,docs/data/genes/ca2010114e3d40ed093e5720.json,false,"Coverage summary of source feature results mapped to this gene. Counts preserve separate source contrasts, times and sexes; they are not independent replications."
Human,ENSG00000100288,CHKB,human:adipose,prot-pr,Protein abundance,HAS_MAPPED_EXERCISE_RESULTS_IN,2,0,endurance_control; resistance_control,3.5–4 h after exercise,,Not stratified in supplied results,docs/data/genes/ca2010114e3d40ed093e5720.json,false,"Coverage summary of source feature results mapped to this gene. Counts preserve separate source contrasts, times and sexes; they are not independent replications."
Human,ENSG00000100288,CHKB,human:adipose,transcript-rna-seq,RNA,HAS_MAPPED_EXERCISE_RESULTS_IN,6,0,endurance_control; resistance_control,15–45 min after exercise; 24 h after exercise; 3.5–4 h after exercise,,Not stratified in supplied results,docs/data/genes/ca2010114e3d40ed093e5720.json,false,"Coverage summary of source feature results mapped to this gene. Counts preserve separate source contrasts, times and sexes; they are not independent replications."
Human,ENSG00000100288,CHKB,human:whole-blood,transcript-rna-seq,RNA,HAS_MAPPED_EXERCISE_RESULTS_IN,10,0,endurance_control; resistance_control,10 min after exercise; 15–45 min after exercise; 24 h after exercise; 3.5–4 h after exercise; During exercise · 20 min; During exercise · 40 min,,Not stratified in supplied results,docs/data/genes/ca2010114e3d40ed093e5720.json,false,"Coverage summary of source feature results mapped to this gene. Counts preserve separate source contrasts, times and sexes; they are not independent replications."
Rat,ENSRNOG00000011404,Chkb,rat:ADRNL,transcript-rna-seq,RNA,HAS_MAPPED_EXERCISE_RESULTS_IN,8,0,Endurance training versus controls,,1w; 2w; 4w; 8w,female; male,docs/data/genes/ca2010114e3d40ed093e5720.json,false,"Coverage summary of source feature results mapped to this gene. Counts preserve separate source contrasts, times and sexes; they are not independent replications."
Rat,ENSRNOG00000011404,Chkb,rat:BLOOD,transcript-rna-seq,RNA,HAS_MAPPED_EXERCISE_RESULTS_IN,8,0,Endurance training versus controls,,1w; 2w; 4w; 8w,female; male,docs/data/genes/ca2010114e3d40ed093e5720.json,false,"Coverage summary of source feature results mapped to this gene. Counts preserve separate source contrasts, times and sexes; they are not independent replications."
Rat,ENSRNOG00000011404,Chkb,rat:BAT,transcript-rna-seq,RNA,HAS_MAPPED_EXERCISE_RESULTS_IN,8,0,Endurance training versus controls,,1w; 2w; 4w; 8w,female; male,docs/data/genes/ca2010114e3d40ed093e5720.json,false,"Coverage summary of source feature results mapped to this gene. Counts preserve separate source contrasts, times and sexes; they are not independent replications."
Rat,ENSRNOG00000011404,Chkb,rat:CORTEX,transcript-rna-seq,RNA,HAS_MAPPED_EXERCISE_RESULTS_IN,8,0,Endurance training versus controls,,1w; 2w; 4w; 8w,female; male,docs/data/genes/ca2010114e3d40ed093e5720.json,false,"Coverage summary of source feature results mapped to this gene. Counts preserve separate source contrasts, times and sexes; they are not independent replications."
Rat,ENSRNOG00000011404,Chkb,rat:COLON,transcript-rna-seq,RNA,HAS_MAPPED_EXERCISE_RESULTS_IN,8,0,Endurance training versus controls,,1w; 2w; 4w; 8w,female; male,docs/data/genes/ca2010114e3d40ed093e5720.json,false,"Coverage summary of source feature results mapped to this gene. Counts preserve separate source contrasts, times and sexes; they are not independent replications."
Rat,ENSRNOG00000011404,Chkb,rat:SKM-GN,transcript-rna-seq,RNA,HAS_MAPPED_EXERCISE_RESULTS_IN,8,0,Endurance training versus controls,,1w; 2w; 4w; 8w,female; male,docs/data/genes/ca2010114e3d40ed093e5720.json,false,"Coverage summary of source feature results mapped to this gene. Counts preserve separate source contrasts, times and sexes; they are not independent replications."
Rat,ENSRNOG00000011404,Chkb,rat:HEART,transcript-rna-seq,RNA,HAS_MAPPED_EXERCISE_RESULTS_IN,8,0,Endurance training versus controls,,1w; 2w; 4w; 8w,female; male,docs/data/genes/ca2010114e3d40ed093e5720.json,false,"Coverage summary of source feature results mapped to this gene. Counts preserve separate source contrasts, times and sexes; they are not independent replications."
Rat,ENSRNOG00000011404,Chkb,rat:HIPPOC,transcript-rna-seq,RNA,HAS_MAPPED_EXERCISE_RESULTS_IN,8,0,Endurance training versus controls,,1w; 2w; 4w; 8w,female; male,docs/data/genes/ca2010114e3d40ed093e5720.json,false,"Coverage summary of source feature results mapped to this gene. Counts preserve separate source contrasts, times and sexes; they are not independent replications."
Rat,ENSRNOG00000011404,Chkb,rat:HYPOTH,transcript-rna-seq,RNA,HAS_MAPPED_EXERCISE_RESULTS_IN,8,0,Endurance training versus controls,,1w; 2w; 4w; 8w,female; male,docs/data/genes/ca2010114e3d40ed093e5720.json,false,"Coverage summary of source feature results mapped to this gene. Counts preserve separate source contrasts, times and sexes; they are not independent replications."
Rat,ENSRNOG00000011404,Chkb,rat:KIDNEY,transcript-rna-seq,RNA,HAS_MAPPED_EXERCISE_RESULTS_IN,8,0,Endurance training versus controls,,1w; 2w; 4w; 8w,female; male,docs/data/genes/ca2010114e3d40ed093e5720.json,false,"Coverage summary of source feature results mapped to this gene. Counts preserve separate source contrasts, times and sexes; they are not independent replications."
Rat,ENSRNOG00000011404,Chkb,rat:LIVER,transcript-rna-seq,RNA,HAS_MAPPED_EXERCISE_RESULTS_IN,8,0,Endurance training versus controls,,1w; 2w; 4w; 8w,female; male,docs/data/genes/ca2010114e3d40ed093e5720.json,false,"Coverage summary of source feature results mapped to this gene. Counts preserve separate source contrasts, times and sexes; they are not independent replications."
Rat,ENSRNOG00000011404,Chkb,rat:LUNG,transcript-rna-seq,RNA,HAS_MAPPED_EXERCISE_RESULTS_IN,8,0,Endurance training versus controls,,1w; 2w; 4w; 8w,female; male,docs/data/genes/ca2010114e3d40ed093e5720.json,false,"Coverage summary of source feature results mapped to this gene. Counts preserve separate source contrasts, times and sexes; they are not independent replications."
Rat,ENSRNOG00000011404,Chkb,rat:OVARY,transcript-rna-seq,RNA,HAS_MAPPED_EXERCISE_RESULTS_IN,4,0,Endurance training versus controls,,1w; 2w; 4w; 8w,female,docs/data/genes/ca2010114e3d40ed093e5720.json,false,"Coverage summary of source feature results mapped to this gene. Counts preserve separate source contrasts, times and sexes; they are not independent replications."
Rat,ENSRNOG00000011404,Chkb,rat:SMLINT,transcript-rna-seq,RNA,HAS_MAPPED_EXERCISE_RESULTS_IN,8,0,Endurance training versus controls,,1w; 2w; 4w; 8w,female; male,docs/data/genes/ca2010114e3d40ed093e5720.json,false,"Coverage summary of source feature results mapped to this gene. Counts preserve separate source contrasts, times and sexes; they are not independent replications."
Rat,ENSRNOG00000011404,Chkb,rat:SPLEEN,transcript-rna-seq,RNA,HAS_MAPPED_EXERCISE_RESULTS_IN,8,1,Endurance training versus controls,,1w; 2w; 4w; 8w,female; male,docs/data/genes/ca2010114e3d40ed093e5720.json,false,"Coverage summary of source feature results mapped to this gene. Counts preserve separate source contrasts, times and sexes; they are not independent replications."
Rat,ENSRNOG00000011404,Chkb,rat:WAT-SC,transcript-rna-seq,RNA,HAS_MAPPED_EXERCISE_RESULTS_IN,8,0,Endurance training versus controls,,1w; 2w; 4w; 8w,female; male,docs/data/genes/ca2010114e3d40ed093e5720.json,false,"Coverage summary of source feature results mapped to this gene. Counts preserve separate source contrasts, times and sexes; they are not independent replications."
Rat,ENSRNOG00000011404,Chkb,rat:TESTES,transcript-rna-seq,RNA,HAS_MAPPED_EXERCISE_RESULTS_IN,4,0,Endurance training versus controls,,1w; 2w; 4w; 8w,male,docs/data/genes/ca2010114e3d40ed093e5720.json,false,"Coverage summary of source feature results mapped to this gene. Counts preserve separate source contrasts, times and sexes; they are not independent replications."
Rat,ENSRNOG00000011404,Chkb,rat:SKM-VL,transcript-rna-seq,RNA,HAS_MAPPED_EXERCISE_RESULTS_IN,8,0,Endurance training versus controls,,1w; 2w; 4w; 8w,female; male,docs/data/genes/ca2010114e3d40ed093e5720.json,false,"Coverage summary of source feature results mapped to this gene. Counts preserve separate source contrasts, times and sexes; they are not independent replications."
Rat,ENSRNOG00000011404,Chkb,rat:VENACV,transcript-rna-seq,RNA,HAS_MAPPED_EXERCISE_RESULTS_IN,6,0,Endurance training versus controls,,1w; 2w; 4w; 8w,female; male,docs/data/genes/ca2010114e3d40ed093e5720.json,false,"Coverage summary of source feature results mapped to this gene. Counts preserve separate source contrasts, times and sexes; they are not independent replications."
Human,ENSG00000105552,BCAT2,human:muscle,transcript-rna-seq,RNA,HAS_MAPPED_EXERCISE_RESULTS_IN,6,2,endurance_control; resistance_control,15–45 min; 24 h; 3.5–4 h,,Not stratified in supplied results,docs/data/genes/b381760ef21655fed916e929.json,false,"Coverage summary of source feature results mapped to this gene. Counts preserve separate source contrasts, times and sexes; they are not independent replications."
Human,ENSG00000105552,BCAT2,human:adipose,prot-pr,Protein abundance,HAS_MAPPED_EXERCISE_RESULTS_IN,2,0,endurance_control; resistance_control,3.5–4 h after exercise,,Not stratified in supplied results,docs/data/genes/b381760ef21655fed916e929.json,false,"Coverage summary of source feature results mapped to this gene. Counts preserve separate source contrasts, times and sexes; they are not independent replications."
Human,ENSG00000105552,BCAT2,human:adipose,transcript-rna-seq,RNA,HAS_MAPPED_EXERCISE_RESULTS_IN,6,0,endurance_control; resistance_control,15–45 min after exercise; 24 h after exercise; 3.5–4 h after exercise,,Not stratified in supplied results,docs/data/genes/b381760ef21655fed916e929.json,false,"Coverage summary of source feature results mapped to this gene. Counts preserve separate source contrasts, times and sexes; they are not independent replications."
Human,ENSG00000105552,BCAT2,human:whole-blood,transcript-rna-seq,RNA,HAS_MAPPED_EXERCISE_RESULTS_IN,10,1,endurance_control; resistance_control,10 min after exercise; 15–45 min after exercise; 24 h after exercise; 3.5–4 h after exercise; During exercise · 20 min; During exercise · 40 min,,Not stratified in supplied results,docs/data/genes/b381760ef21655fed916e929.json,false,"Coverage summary of source feature results mapped to this gene. Counts preserve separate source contrasts, times and sexes; they are not independent replications."
Rat,ENSRNOG00000020956,Bcat2,rat:ADRNL,transcript-rna-seq,RNA,HAS_MAPPED_EXERCISE_RESULTS_IN,8,0,Endurance training versus controls,,1w; 2w; 4w; 8w,female; male,docs/data/genes/b381760ef21655fed916e929.json,false,"Coverage summary of source feature results mapped to this gene. Counts preserve separate source contrasts, times and sexes; they are not independent replications."
Rat,ENSRNOG00000020956,Bcat2,rat:BLOOD,transcript-rna-seq,RNA,HAS_MAPPED_EXERCISE_RESULTS_IN,8,0,Endurance training versus controls,,1w; 2w; 4w; 8w,female; male,docs/data/genes/b381760ef21655fed916e929.json,false,"Coverage summary of source feature results mapped to this gene. Counts preserve separate source contrasts, times and sexes; they are not independent replications."
Rat,ENSRNOG00000020956,Bcat2,rat:BAT,transcript-rna-seq,RNA,HAS_MAPPED_EXERCISE_RESULTS_IN,8,0,Endurance training versus controls,,1w; 2w; 4w; 8w,female; male,docs/data/genes/b381760ef21655fed916e929.json,false,"Coverage summary of source feature results mapped to this gene. Counts preserve separate source contrasts, times and sexes; they are not independent replications."
Rat,ENSRNOG00000020956,Bcat2,rat:CORTEX,transcript-rna-seq,RNA,HAS_MAPPED_EXERCISE_RESULTS_IN,8,0,Endurance training versus controls,,1w; 2w; 4w; 8w,female; male,docs/data/genes/b381760ef21655fed916e929.json,false,"Coverage summary of source feature results mapped to this gene. Counts preserve separate source contrasts, times and sexes; they are not independent replications."
Rat,ENSRNOG00000020956,Bcat2,rat:COLON,transcript-rna-seq,RNA,HAS_MAPPED_EXERCISE_RESULTS_IN,8,0,Endurance training versus controls,,1w; 2w; 4w; 8w,female; male,docs/data/genes/b381760ef21655fed916e929.json,false,"Coverage summary of source feature results mapped to this gene. Counts preserve separate source contrasts, times and sexes; they are not independent replications."
Rat,ENSRNOG00000020956,Bcat2,rat:SKM-GN,transcript-rna-seq,RNA,HAS_MAPPED_EXERCISE_RESULTS_IN,8,1,Endurance training versus controls,,1w; 2w; 4w; 8w,female; male,docs/data/genes/b381760ef21655fed916e929.json,false,"Coverage summary of source feature results mapped to this gene. Counts preserve separate source contrasts, times and sexes; they are not independent replications."
Rat,ENSRNOG00000020956,Bcat2,rat:HEART,transcript-rna-seq,RNA,HAS_MAPPED_EXERCISE_RESULTS_IN,8,0,Endurance training versus controls,,1w; 2w; 4w; 8w,female; male,docs/data/genes/b381760ef21655fed916e929.json,false,"Coverage summary of source feature results mapped to this gene. Counts preserve separate source contrasts, times and sexes; they are not independent replications."
Rat,ENSRNOG00000020956,Bcat2,rat:HIPPOC,transcript-rna-seq,RNA,HAS_MAPPED_EXERCISE_RESULTS_IN,8,0,Endurance training versus controls,,1w; 2w; 4w; 8w,female; male,docs/data/genes/b381760ef21655fed916e929.json,false,"Coverage summary of source feature results mapped to this gene. Counts preserve separate source contrasts, times and sexes; they are not independent replications."
Rat,ENSRNOG00000020956,Bcat2,rat:HYPOTH,transcript-rna-seq,RNA,HAS_MAPPED_EXERCISE_RESULTS_IN,8,0,Endurance training versus controls,,1w; 2w; 4w; 8w,female; male,docs/data/genes/b381760ef21655fed916e929.json,false,"Coverage summary of source feature results mapped to this gene. Counts preserve separate source contrasts, times and sexes; they are not independent replications."
Rat,ENSRNOG00000020956,Bcat2,rat:KIDNEY,transcript-rna-seq,RNA,HAS_MAPPED_EXERCISE_RESULTS_IN,8,0,Endurance training versus controls,,1w; 2w; 4w; 8w,female; male,docs/data/genes/b381760ef21655fed916e929.json,false,"Coverage summary of source feature results mapped to this gene. Counts preserve separate source contrasts, times and sexes; they are not independent replications."
Rat,ENSRNOG00000020956,Bcat2,rat:LIVER,transcript-rna-seq,RNA,HAS_MAPPED_EXERCISE_RESULTS_IN,8,0,Endurance training versus controls,,1w; 2w; 4w; 8w,female; male,docs/data/genes/b381760ef21655fed916e929.json,false,"Coverage summary of source feature results mapped to this gene. Counts preserve separate source contrasts, times and sexes; they are not independent replications."
Rat,ENSRNOG00000020956,Bcat2,rat:LUNG,transcript-rna-seq,RNA,HAS_MAPPED_EXERCISE_RESULTS_IN,8,0,Endurance training versus controls,,1w; 2w; 4w; 8w,female; male,docs/data/genes/b381760ef21655fed916e929.json,false,"Coverage summary of source feature results mapped to this gene. Counts preserve separate source contrasts, times and sexes; they are not independent replications."
Rat,ENSRNOG00000020956,Bcat2,rat:OVARY,transcript-rna-seq,RNA,HAS_MAPPED_EXERCISE_RESULTS_IN,4,0,Endurance training versus controls,,1w; 2w; 4w; 8w,female,docs/data/genes/b381760ef21655fed916e929.json,false,"Coverage summary of source feature results mapped to this gene. Counts preserve separate source contrasts, times and sexes; they are not independent replications."
Rat,ENSRNOG00000020956,Bcat2,rat:SMLINT,transcript-rna-seq,RNA,HAS_MAPPED_EXERCISE_RESULTS_IN,8,0,Endurance training versus controls,,1w; 2w; 4w; 8w,female; male,docs/data/genes/b381760ef21655fed916e929.json,false,"Coverage summary of source feature results mapped to this gene. Counts preserve separate source contrasts, times and sexes; they are not independent replications."
Rat,ENSRNOG00000020956,Bcat2,rat:SPLEEN,transcript-rna-seq,RNA,HAS_MAPPED_EXERCISE_RESULTS_IN,8,0,Endurance training versus controls,,1w; 2w; 4w; 8w,female; male,docs/data/genes/b381760ef21655fed916e929.json,false,"Coverage summary of source feature results mapped to this gene. Counts preserve separate source contrasts, times and sexes; they are not independent replications."
Rat,ENSRNOG00000020956,Bcat2,rat:WAT-SC,transcript-rna-seq,RNA,HAS_MAPPED_EXERCISE_RESULTS_IN,8,0,Endurance training versus controls,,1w; 2w; 4w; 8w,female; male,docs/data/genes/b381760ef21655fed916e929.json,false,"Coverage summary of source feature results mapped to this gene. Counts preserve separate source contrasts, times and sexes; they are not independent replications."
Rat,ENSRNOG00000020956,Bcat2,rat:TESTES,transcript-rna-seq,RNA,HAS_MAPPED_EXERCISE_RESULTS_IN,4,0,Endurance training versus controls,,1w; 2w; 4w; 8w,male,docs/data/genes/b381760ef21655fed916e929.json,false,"Coverage summary of source feature results mapped to this gene. Counts preserve separate source contrasts, times and sexes; they are not independent replications."
Rat,ENSRNOG00000020956,Bcat2,rat:SKM-VL,transcript-rna-seq,RNA,HAS_MAPPED_EXERCISE_RESULTS_IN,8,1,Endurance training versus controls,,1w; 2w; 4w; 8w,female; male,docs/data/genes/b381760ef21655fed916e929.json,false,"Coverage summary of source feature results mapped to this gene. Counts preserve separate source contrasts, times and sexes; they are not independent replications."
Rat,ENSRNOG00000020956,Bcat2,rat:VENACV,transcript-rna-seq,RNA,HAS_MAPPED_EXERCISE_RESULTS_IN,6,0,Endurance training versus controls,,1w; 2w; 4w; 8w,female; male,docs/data/genes/b381760ef21655fed916e929.json,false,"Coverage summary of source feature results mapped to this gene. Counts preserve separate source contrasts, times and sexes; they are not independent replications."
Human,ENSG00000109576,AADAT,human:muscle,transcript-rna-seq,RNA,HAS_MAPPED_EXERCISE_RESULTS_IN,6,3,endurance_control; resistance_control,15–45 min; 24 h; 3.5–4 h,,Not stratified in supplied results,docs/data/genes/f26d2be277ff15046e8bbee4.json,false,"Coverage summary of source feature results mapped to this gene. Counts preserve separate source contrasts, times and sexes; they are not independent replications."
Human,ENSG00000109576,AADAT,human:adipose,transcript-rna-seq,RNA,HAS_MAPPED_EXERCISE_RESULTS_IN,6,0,endurance_control; resistance_control,15–45 min after exercise; 24 h after exercise; 3.5–4 h after exercise,,Not stratified in supplied results,docs/data/genes/f26d2be277ff15046e8bbee4.json,false,"Coverage summary of source feature results mapped to this gene. Counts preserve separate source contrasts, times and sexes; they are not independent replications."
Rat,ENSRNOG00000011861,Aadat,rat:ADRNL,transcript-rna-seq,RNA,HAS_MAPPED_EXERCISE_RESULTS_IN,8,0,Endurance training versus controls,,1w; 2w; 4w; 8w,female; male,docs/data/genes/f26d2be277ff15046e8bbee4.json,false,"Coverage summary of source feature results mapped to this gene. Counts preserve separate source contrasts, times and sexes; they are not independent replications."
Rat,ENSRNOG00000011861,Aadat,rat:BLOOD,transcript-rna-seq,RNA,HAS_MAPPED_EXERCISE_RESULTS_IN,8,1,Endurance training versus controls,,1w; 2w; 4w; 8w,female; male,docs/data/genes/f26d2be277ff15046e8bbee4.json,false,"Coverage summary of source feature results mapped to this gene. Counts preserve separate source contrasts, times and sexes; they are not independent replications."
Rat,ENSRNOG00000011861,Aadat,rat:BAT,transcript-rna-seq,RNA,HAS_MAPPED_EXERCISE_RESULTS_IN,8,0,Endurance training versus controls,,1w; 2w; 4w; 8w,female; male,docs/data/genes/f26d2be277ff15046e8bbee4.json,false,"Coverage summary of source feature results mapped to this gene. Counts preserve separate source contrasts, times and sexes; they are not independent replications."
Rat,ENSRNOG00000011861,Aadat,rat:CORTEX,transcript-rna-seq,RNA,HAS_MAPPED_EXERCISE_RESULTS_IN,8,0,Endurance training versus controls,,1w; 2w; 4w; 8w,female; male,docs/data/genes/f26d2be277ff15046e8bbee4.json,false,"Coverage summary of source feature results mapped to this gene. Counts preserve separate source contrasts, times and sexes; they are not independent replications."
Rat,ENSRNOG00000011861,Aadat,rat:HEART,transcript-rna-seq,RNA,HAS_MAPPED_EXERCISE_RESULTS_IN,8,0,Endurance training versus controls,,1w; 2w; 4w; 8w,female; male,docs/data/genes/f26d2be277ff15046e8bbee4.json,false,"Coverage summary of source feature results mapped to this gene. Counts preserve separate source contrasts, times and sexes; they are not independent replications."
Rat,ENSRNOG00000011861,Aadat,rat:HIPPOC,transcript-rna-seq,RNA,HAS_MAPPED_EXERCISE_RESULTS_IN,8,0,Endurance training versus controls,,1w; 2w; 4w; 8w,female; male,docs/data/genes/f26d2be277ff15046e8bbee4.json,false,"Coverage summary of source feature results mapped to this gene. Counts preserve separate source contrasts, times and sexes; they are not independent replications."
Rat,ENSRNOG00000011861,Aadat,rat:HYPOTH,transcript-rna-seq,RNA,HAS_MAPPED_EXERCISE_RESULTS_IN,8,0,Endurance training versus controls,,1w; 2w; 4w; 8w,female; male,docs/data/genes/f26d2be277ff15046e8bbee4.json,false,"Coverage summary of source feature results mapped to this gene. Counts preserve separate source contrasts, times and sexes; they are not independent replications."
Rat,ENSRNOG00000011861,Aadat,rat:KIDNEY,transcript-rna-seq,RNA,HAS_MAPPED_EXERCISE_RESULTS_IN,8,0,Endurance training versus controls,,1w; 2w; 4w; 8w,female; male,docs/data/genes/f26d2be277ff15046e8bbee4.json,false,"Coverage summary of source feature results mapped to this gene. Counts preserve separate source contrasts, times and sexes; they are not independent replications."
Rat,ENSRNOG00000011861,Aadat,rat:LIVER,transcript-rna-seq,RNA,HAS_MAPPED_EXERCISE_RESULTS_IN,8,0,Endurance training versus controls,,1w; 2w; 4w; 8w,female; male,docs/data/genes/f26d2be277ff15046e8bbee4.json,false,"Coverage summary of source feature results mapped to this gene. Counts preserve separate source contrasts, times and sexes; they are not independent replications."
Rat,ENSRNOG00000011861,Aadat,rat:OVARY,transcript-rna-seq,RNA,HAS_MAPPED_EXERCISE_RESULTS_IN,4,0,Endurance training versus controls,,1w; 2w; 4w; 8w,female,docs/data/genes/f26d2be277ff15046e8bbee4.json,false,"Coverage summary of source feature results mapped to this gene. Counts preserve separate source contrasts, times and sexes; they are not independent replications."
Rat,ENSRNOG00000011861,Aadat,rat:WAT-SC,transcript-rna-seq,RNA,HAS_MAPPED_EXERCISE_RESULTS_IN,8,0,Endurance training versus controls,,1w; 2w; 4w; 8w,female; male,docs/data/genes/f26d2be277ff15046e8bbee4.json,false,"Coverage summary of source feature results mapped to this gene. Counts preserve separate source contrasts, times and sexes; they are not independent replications."
Rat,ENSRNOG00000011861,Aadat,rat:TESTES,transcript-rna-seq,RNA,HAS_MAPPED_EXERCISE_RESULTS_IN,4,0,Endurance training versus controls,,1w; 2w; 4w; 8w,male,docs/data/genes/f26d2be277ff15046e8bbee4.json,false,"Coverage summary of source feature results mapped to this gene. Counts preserve separate source contrasts, times and sexes; they are not independent replications."
Rat,ENSRNOG00000011861,Aadat,rat:VENACV,transcript-rna-seq,RNA,HAS_MAPPED_EXERCISE_RESULTS_IN,6,0,Endurance training versus controls,,1w; 2w; 4w; 8w,female; male,docs/data/genes/f26d2be277ff15046e8bbee4.json,false,"Coverage summary of source feature results mapped to this gene. Counts preserve separate source contrasts, times and sexes; they are not independent replications."
Human,ENSG00000125772,GPCPD1,human:muscle,transcript-rna-seq,RNA,HAS_MAPPED_EXERCISE_RESULTS_IN,6,2,endurance_control; resistance_control,15–45 min; 24 h; 3.5–4 h,,Not stratified in supplied results,docs/data/genes/38768be56efeac6897773b6a.json,false,"Coverage summary of source feature results mapped to this gene. Counts preserve separate source contrasts, times and sexes; they are not independent replications."
Human,ENSG00000125772,GPCPD1,human:adipose,prot-pr,Protein abundance,HAS_MAPPED_EXERCISE_RESULTS_IN,2,0,endurance_control; resistance_control,3.5–4 h after exercise,,Not stratified in supplied results,docs/data/genes/38768be56efeac6897773b6a.json,false,"Coverage summary of source feature results mapped to this gene. Counts preserve separate source contrasts, times and sexes; they are not independent replications."
Human,ENSG00000125772,GPCPD1,human:adipose,transcript-rna-seq,RNA,HAS_MAPPED_EXERCISE_RESULTS_IN,6,0,endurance_control; resistance_control,15–45 min after exercise; 24 h after exercise; 3.5–4 h after exercise,,Not stratified in supplied results,docs/data/genes/38768be56efeac6897773b6a.json,false,"Coverage summary of source feature results mapped to this gene. Counts preserve separate source contrasts, times and sexes; they are not independent replications."
Human,ENSG00000125772,GPCPD1,human:whole-blood,transcript-rna-seq,RNA,HAS_MAPPED_EXERCISE_RESULTS_IN,10,5,endurance_control; resistance_control,10 min after exercise; 15–45 min after exercise; 24 h after exercise; 3.5–4 h after exercise; During exercise · 20 min; During exercise · 40 min,,Not stratified in supplied results,docs/data/genes/38768be56efeac6897773b6a.json,false,"Coverage summary of source feature results mapped to this gene. Counts preserve separate source contrasts, times and sexes; they are not independent replications."
Rat,ENSRNOG00000053201,Gpcpd1,rat:ADRNL,transcript-rna-seq,RNA,HAS_MAPPED_EXERCISE_RESULTS_IN,8,0,Endurance training versus controls,,1w; 2w; 4w; 8w,female; male,docs/data/genes/38768be56efeac6897773b6a.json,false,"Coverage summary of source feature results mapped to this gene. Counts preserve separate source contrasts, times and sexes; they are not independent replications."
Rat,ENSRNOG00000053201,Gpcpd1,rat:BLOOD,transcript-rna-seq,RNA,HAS_MAPPED_EXERCISE_RESULTS_IN,8,2,Endurance training versus controls,,1w; 2w; 4w; 8w,female; male,docs/data/genes/38768be56efeac6897773b6a.json,false,"Coverage summary of source feature results mapped to this gene. Counts preserve separate source contrasts, times and sexes; they are not independent replications."
Rat,ENSRNOG00000053201,Gpcpd1,rat:BAT,transcript-rna-seq,RNA,HAS_MAPPED_EXERCISE_RESULTS_IN,8,0,Endurance training versus controls,,1w; 2w; 4w; 8w,female; male,docs/data/genes/38768be56efeac6897773b6a.json,false,"Coverage summary of source feature results mapped to this gene. Counts preserve separate source contrasts, times and sexes; they are not independent replications."
Rat,ENSRNOG00000053201,Gpcpd1,rat:CORTEX,transcript-rna-seq,RNA,HAS_MAPPED_EXERCISE_RESULTS_IN,8,0,Endurance training versus controls,,1w; 2w; 4w; 8w,female; male,docs/data/genes/38768be56efeac6897773b6a.json,false,"Coverage summary of source feature results mapped to this gene. Counts preserve separate source contrasts, times and sexes; they are not independent replications."
Rat,ENSRNOG00000053201,Gpcpd1,rat:COLON,transcript-rna-seq,RNA,HAS_MAPPED_EXERCISE_RESULTS_IN,8,0,Endurance training versus controls,,1w; 2w; 4w; 8w,female; male,docs/data/genes/38768be56efeac6897773b6a.json,false,"Coverage summary of source feature results mapped to this gene. Counts preserve separate source contrasts, times and sexes; they are not independent replications."
Rat,ENSRNOG00000053201,Gpcpd1,rat:SKM-GN,transcript-rna-seq,RNA,HAS_MAPPED_EXERCISE_RESULTS_IN,8,0,Endurance training versus controls,,1w; 2w; 4w; 8w,female; male,docs/data/genes/38768be56efeac6897773b6a.json,false,"Coverage summary of source feature results mapped to this gene. Counts preserve separate source contrasts, times and sexes; they are not independent replications."
Rat,ENSRNOG00000053201,Gpcpd1,rat:HEART,transcript-rna-seq,RNA,HAS_MAPPED_EXERCISE_RESULTS_IN,8,1,Endurance training versus controls,,1w; 2w; 4w; 8w,female; male,docs/data/genes/38768be56efeac6897773b6a.json,false,"Coverage summary of source feature results mapped to this gene. Counts preserve separate source contrasts, times and sexes; they are not independent replications."
Rat,ENSRNOG00000053201,Gpcpd1,rat:HIPPOC,transcript-rna-seq,RNA,HAS_MAPPED_EXERCISE_RESULTS_IN,8,0,Endurance training versus controls,,1w; 2w; 4w; 8w,female; male,docs/data/genes/38768be56efeac6897773b6a.json,false,"Coverage summary of source feature results mapped to this gene. Counts preserve separate source contrasts, times and sexes; they are not independent replications."
Rat,ENSRNOG00000053201,Gpcpd1,rat:HYPOTH,transcript-rna-seq,RNA,HAS_MAPPED_EXERCISE_RESULTS_IN,8,0,Endurance training versus controls,,1w; 2w; 4w; 8w,female; male,docs/data/genes/38768be56efeac6897773b6a.json,false,"Coverage summary of source feature results mapped to this gene. Counts preserve separate source contrasts, times and sexes; they are not independent replications."
Rat,ENSRNOG00000053201,Gpcpd1,rat:KIDNEY,transcript-rna-seq,RNA,HAS_MAPPED_EXERCISE_RESULTS_IN,8,0,Endurance training versus controls,,1w; 2w; 4w; 8w,female; male,docs/data/genes/38768be56efeac6897773b6a.json,false,"Coverage summary of source feature results mapped to this gene. Counts preserve separate source contrasts, times and sexes; they are not independent replications."
Rat,ENSRNOG00000053201,Gpcpd1,rat:LIVER,transcript-rna-seq,RNA,HAS_MAPPED_EXERCISE_RESULTS_IN,8,0,Endurance training versus controls,,1w; 2w; 4w; 8w,female; male,docs/data/genes/38768be56efeac6897773b6a.json,false,"Coverage summary of source feature results mapped to this gene. Counts preserve separate source contrasts, times and sexes; they are not independent replications."
Rat,ENSRNOG00000053201,Gpcpd1,rat:LUNG,transcript-rna-seq,RNA,HAS_MAPPED_EXERCISE_RESULTS_IN,8,0,Endurance training versus controls,,1w; 2w; 4w; 8w,female; male,docs/data/genes/38768be56efeac6897773b6a.json,false,"Coverage summary of source feature results mapped to this gene. Counts preserve separate source contrasts, times and sexes; they are not independent replications."
Rat,ENSRNOG00000053201,Gpcpd1,rat:OVARY,transcript-rna-seq,RNA,HAS_MAPPED_EXERCISE_RESULTS_IN,4,0,Endurance training versus controls,,1w; 2w; 4w; 8w,female,docs/data/genes/38768be56efeac6897773b6a.json,false,"Coverage summary of source feature results mapped to this gene. Counts preserve separate source contrasts, times and sexes; they are not independent replications."
Rat,ENSRNOG00000053201,Gpcpd1,rat:SMLINT,transcript-rna-seq,RNA,HAS_MAPPED_EXERCISE_RESULTS_IN,8,0,Endurance training versus controls,,1w; 2w; 4w; 8w,female; male,docs/data/genes/38768be56efeac6897773b6a.json,false,"Coverage summary of source feature results mapped to this gene. Counts preserve separate source contrasts, times and sexes; they are not independent replications."
Rat,ENSRNOG00000053201,Gpcpd1,rat:SPLEEN,transcript-rna-seq,RNA,HAS_MAPPED_EXERCISE_RESULTS_IN,8,0,Endurance training versus controls,,1w; 2w; 4w; 8w,female; male,docs/data/genes/38768be56efeac6897773b6a.json,false,"Coverage summary of source feature results mapped to this gene. Counts preserve separate source contrasts, times and sexes; they are not independent replications."
Rat,ENSRNOG00000053201,Gpcpd1,rat:WAT-SC,transcript-rna-seq,RNA,HAS_MAPPED_EXERCISE_RESULTS_IN,8,0,Endurance training versus controls,,1w; 2w; 4w; 8w,female; male,docs/data/genes/38768be56efeac6897773b6a.json,false,"Coverage summary of source feature results mapped to this gene. Counts preserve separate source contrasts, times and sexes; they are not independent replications."
Rat,ENSRNOG00000053201,Gpcpd1,rat:TESTES,transcript-rna-seq,RNA,HAS_MAPPED_EXERCISE_RESULTS_IN,4,0,Endurance training versus controls,,1w; 2w; 4w; 8w,male,docs/data/genes/38768be56efeac6897773b6a.json,false,"Coverage summary of source feature results mapped to this gene. Counts preserve separate source contrasts, times and sexes; they are not independent replications."
Rat,ENSRNOG00000053201,Gpcpd1,rat:SKM-VL,transcript-rna-seq,RNA,HAS_MAPPED_EXERCISE_RESULTS_IN,8,0,Endurance training versus controls,,1w; 2w; 4w; 8w,female; male,docs/data/genes/38768be56efeac6897773b6a.json,false,"Coverage summary of source feature results mapped to this gene. Counts preserve separate source contrasts, times and sexes; they are not independent replications."
Rat,ENSRNOG00000053201,Gpcpd1,rat:VENACV,transcript-rna-seq,RNA,HAS_MAPPED_EXERCISE_RESULTS_IN,6,0,Endurance training versus controls,,1w; 2w; 4w; 8w,female; male,docs/data/genes/38768be56efeac6897773b6a.json,false,"Coverage summary of source feature results mapped to this gene. Counts preserve separate source contrasts, times and sexes; they are not independent replications."
Human,ENSG00000139163,ETNK1,human:muscle,transcript-rna-seq,RNA,HAS_MAPPED_EXERCISE_RESULTS_IN,6,2,endurance_control; resistance_control,15–45 min; 24 h; 3.5–4 h,,Not stratified in supplied results,docs/data/genes/f40d6425f7369bb3d775d25b.json,false,"Coverage summary of source feature results mapped to this gene. Counts preserve separate source contrasts, times and sexes; they are not independent replications."
Human,ENSG00000139163,ETNK1,human:adipose,transcript-rna-seq,RNA,HAS_MAPPED_EXERCISE_RESULTS_IN,6,0,endurance_control; resistance_control,15–45 min after exercise; 24 h after exercise; 3.5–4 h after exercise,,Not stratified in supplied results,docs/data/genes/f40d6425f7369bb3d775d25b.json,false,"Coverage summary of source feature results mapped to this gene. Counts preserve separate source contrasts, times and sexes; they are not independent replications."
Human,ENSG00000139163,ETNK1,human:whole-blood,transcript-rna-seq,RNA,HAS_MAPPED_EXERCISE_RESULTS_IN,10,1,endurance_control; resistance_control,10 min after exercise; 15–45 min after exercise; 24 h after exercise; 3.5–4 h after exercise; During exercise · 20 min; During exercise · 40 min,,Not stratified in supplied results,docs/data/genes/f40d6425f7369bb3d775d25b.json,false,"Coverage summary of source feature results mapped to this gene. Counts preserve separate source contrasts, times and sexes; they are not independent replications."
Rat,ENSRNOG00000014856,Etnk1,rat:ADRNL,transcript-rna-seq,RNA,HAS_MAPPED_EXERCISE_RESULTS_IN,8,0,Endurance training versus controls,,1w; 2w; 4w; 8w,female; male,docs/data/genes/f40d6425f7369bb3d775d25b.json,false,"Coverage summary of source feature results mapped to this gene. Counts preserve separate source contrasts, times and sexes; they are not independent replications."
Rat,ENSRNOG00000014856,Etnk1,rat:BLOOD,transcript-rna-seq,RNA,HAS_MAPPED_EXERCISE_RESULTS_IN,8,0,Endurance training versus controls,,1w; 2w; 4w; 8w,female; male,docs/data/genes/f40d6425f7369bb3d775d25b.json,false,"Coverage summary of source feature results mapped to this gene. Counts preserve separate source contrasts, times and sexes; they are not independent replications."
Rat,ENSRNOG00000014856,Etnk1,rat:BAT,transcript-rna-seq,RNA,HAS_MAPPED_EXERCISE_RESULTS_IN,8,0,Endurance training versus controls,,1w; 2w; 4w; 8w,female; male,docs/data/genes/f40d6425f7369bb3d775d25b.json,false,"Coverage summary of source feature results mapped to this gene. Counts preserve separate source contrasts, times and sexes; they are not independent replications."
Rat,ENSRNOG00000014856,Etnk1,rat:CORTEX,transcript-rna-seq,RNA,HAS_MAPPED_EXERCISE_RESULTS_IN,8,0,Endurance training versus controls,,1w; 2w; 4w; 8w,female; male,docs/data/genes/f40d6425f7369bb3d775d25b.json,false,"Coverage summary of source feature results mapped to this gene. Counts preserve separate source contrasts, times and sexes; they are not independent replications."
Rat,ENSRNOG00000014856,Etnk1,rat:COLON,transcript-rna-seq,RNA,HAS_MAPPED_EXERCISE_RESULTS_IN,8,0,Endurance training versus controls,,1w; 2w; 4w; 8w,female; male,docs/data/genes/f40d6425f7369bb3d775d25b.json,false,"Coverage summary of source feature results mapped to this gene. Counts preserve separate source contrasts, times and sexes; they are not independent replications."
Rat,ENSRNOG00000014856,Etnk1,rat:SKM-GN,transcript-rna-seq,RNA,HAS_MAPPED_EXERCISE_RESULTS_IN,8,0,Endurance training versus controls,,1w; 2w; 4w; 8w,female; male,docs/data/genes/f40d6425f7369bb3d775d25b.json,false,"Coverage summary of source feature results mapped to this gene. Counts preserve separate source contrasts, times and sexes; they are not independent replications."
Rat,ENSRNOG00000014856,Etnk1,rat:HEART,transcript-rna-seq,RNA,HAS_MAPPED_EXERCISE_RESULTS_IN,8,0,Endurance training versus controls,,1w; 2w; 4w; 8w,female; male,docs/data/genes/f40d6425f7369bb3d775d25b.json,false,"Coverage summary of source feature results mapped to this gene. Counts preserve separate source contrasts, times and sexes; they are not independent replications."
Rat,ENSRNOG00000014856,Etnk1,rat:HIPPOC,transcript-rna-seq,RNA,HAS_MAPPED_EXERCISE_RESULTS_IN,8,0,Endurance training versus controls,,1w; 2w; 4w; 8w,female; male,docs/data/genes/f40d6425f7369bb3d775d25b.json,false,"Coverage summary of source feature results mapped to this gene. Counts preserve separate source contrasts, times and sexes; they are not independent replications."
Rat,ENSRNOG00000014856,Etnk1,rat:HYPOTH,transcript-rna-seq,RNA,HAS_MAPPED_EXERCISE_RESULTS_IN,8,0,Endurance training versus controls,,1w; 2w; 4w; 8w,female; male,docs/data/genes/f40d6425f7369bb3d775d25b.json,false,"Coverage summary of source feature results mapped to this gene. Counts preserve separate source contrasts, times and sexes; they are not independent replications."
Rat,ENSRNOG00000014856,Etnk1,rat:KIDNEY,transcript-rna-seq,RNA,HAS_MAPPED_EXERCISE_RESULTS_IN,8,0,Endurance training versus controls,,1w; 2w; 4w; 8w,female; male,docs/data/genes/f40d6425f7369bb3d775d25b.json,false,"Coverage summary of source feature results mapped to this gene. Counts preserve separate source contrasts, times and sexes; they are not independent replications."
Rat,ENSRNOG00000014856,Etnk1,rat:LIVER,transcript-rna-seq,RNA,HAS_MAPPED_EXERCISE_RESULTS_IN,8,0,Endurance training versus controls,,1w; 2w; 4w; 8w,female; male,docs/data/genes/f40d6425f7369bb3d775d25b.json,false,"Coverage summary of source feature results mapped to this gene. Counts preserve separate source contrasts, times and sexes; they are not independent replications."
Rat,ENSRNOG00000014856,Etnk1,rat:LUNG,transcript-rna-seq,RNA,HAS_MAPPED_EXERCISE_RESULTS_IN,8,0,Endurance training versus controls,,1w; 2w; 4w; 8w,female; male,docs/data/genes/f40d6425f7369bb3d775d25b.json,false,"Coverage summary of source feature results mapped to this gene. Counts preserve separate source contrasts, times and sexes; they are not independent replications."
Rat,ENSRNOG00000014856,Etnk1,rat:OVARY,transcript-rna-seq,RNA,HAS_MAPPED_EXERCISE_RESULTS_IN,4,0,Endurance training versus controls,,1w; 2w; 4w; 8w,female,docs/data/genes/f40d6425f7369bb3d775d25b.json,false,"Coverage summary of source feature results mapped to this gene. Counts preserve separate source contrasts, times and sexes; they are not independent replications."
Rat,ENSRNOG00000014856,Etnk1,rat:SMLINT,transcript-rna-seq,RNA,HAS_MAPPED_EXERCISE_RESULTS_IN,8,0,Endurance training versus controls,,1w; 2w; 4w; 8w,female; male,docs/data/genes/f40d6425f7369bb3d775d25b.json,false,"Coverage summary of source feature results mapped to this gene. Counts preserve separate source contrasts, times and sexes; they are not independent replications."
Rat,ENSRNOG00000014856,Etnk1,rat:SPLEEN,transcript-rna-seq,RNA,HAS_MAPPED_EXERCISE_RESULTS_IN,8,0,Endurance training versus controls,,1w; 2w; 4w; 8w,female; male,docs/data/genes/f40d6425f7369bb3d775d25b.json,false,"Coverage summary of source feature results mapped to this gene. Counts preserve separate source contrasts, times and sexes; they are not independent replications."
Rat,ENSRNOG00000014856,Etnk1,rat:WAT-SC,transcript-rna-seq,RNA,HAS_MAPPED_EXERCISE_RESULTS_IN,8,0,Endurance training versus controls,,1w; 2w; 4w; 8w,female; male,docs/data/genes/f40d6425f7369bb3d775d25b.json,false,"Coverage summary of source feature results mapped to this gene. Counts preserve separate source contrasts, times and sexes; they are not independent replications."
Rat,ENSRNOG00000014856,Etnk1,rat:TESTES,transcript-rna-seq,RNA,HAS_MAPPED_EXERCISE_RESULTS_IN,4,0,Endurance training versus controls,,1w; 2w; 4w; 8w,male,docs/data/genes/f40d6425f7369bb3d775d25b.json,false,"Coverage summary of source feature results mapped to this gene. Counts preserve separate source contrasts, times and sexes; they are not independent replications."
Rat,ENSRNOG00000014856,Etnk1,rat:SKM-VL,transcript-rna-seq,RNA,HAS_MAPPED_EXERCISE_RESULTS_IN,8,0,Endurance training versus controls,,1w; 2w; 4w; 8w,female; male,docs/data/genes/f40d6425f7369bb3d775d25b.json,false,"Coverage summary of source feature results mapped to this gene. Counts preserve separate source contrasts, times and sexes; they are not independent replications."
Rat,ENSRNOG00000014856,Etnk1,rat:VENACV,transcript-rna-seq,RNA,HAS_MAPPED_EXERCISE_RESULTS_IN,6,0,Endurance training versus controls,,1w; 2w; 4w; 8w,female; male,docs/data/genes/f40d6425f7369bb3d775d25b.json,false,"Coverage summary of source feature results mapped to this gene. Counts preserve separate source contrasts, times and sexes; they are not independent replications."
