row,adipose|EE-CON|post_15_30_45_min,adipose|EE-CON|post_3.5_4_hr,adipose|EE-CON|post_24_hr,adipose|RE-CON|post_15_30_45_min,adipose|RE-CON|post_24_hr,blood|EE-CON|during_20_min,blood|EE-CON|during_40_min,blood|EE-CON|post_10_min,blood|EE-CON|post_15_30_45_min,blood|EE-CON|post_3.5_4_hr,blood|EE-CON|post_24_hr,blood|RE-CON|post_10_min,blood|RE-CON|post_15_30_45_min,blood|RE-CON|post_3.5_4_hr,blood|RE-CON|post_24_hr,muscle|EE-CON|post_15_30_45_min,muscle|EE-CON|post_3.5_4_hr,muscle|EE-CON|post_24_hr,muscle|RE-CON|post_15_30_45_min,muscle|RE-CON|post_3.5_4_hr,muscle|RE-CON|post_24_hr
Xanthosine,0,0,0,0,0,0,2.055,4.69,7.795,0,0,79.11,98.14,18.99,0,10.54,0,0,20.74,3.614,0
Hypoxanthine,0,0,0,0,0,5.318,10.28,13.11,5.161,0,0,85.55,73.33,2.612,0,0,0,0,8.292,0,0
Malic acid,0,0,0,0,0,22.4,30.99,26.61,18.59,0,0,68.65,37.13,0,0,0,0,0,0,0,0
Lactic acid,0,0,0,0,0,38.81,35.63,22.46,8.766,0,0,63.55,43.6,0,0,0,0,-1.321,0,0,0
Succinic acid,0,0,0,0,0,50.69,59.48,26.85,7.083,0,0,15.86,2.206,0,0,0,0,0,0,0,0
Xanthine,0,0,0,0,0,0,6.115,9.739,5.478,0,0,54.48,58.8,9.286,0,0,0,0,7.634,0,0
Alanine,0,0,0,0,0,17.19,26.18,18.72,16.7,0,0,53.35,57.26,0,0,0,0,0,0,0,0
Inosine,0,0,0,0,0,0,2.827,2.687,0,0,0,51.49,40.07,2.414,0,0,0,0,5.838,0,0
Pantothenic acid,0,0,0,0,0,6.678,11.17,8.104,0,0,0,45.41,24.85,1.505,0,0,0,0,-1.586,0,0
Pyruvic acid,0,0,0,0,0,17.26,18.19,16.7,7.667,0,0,41.64,36.79,0,0,0,0,0,0,0,0
1-Methylguanine,0,0,0,0,0,0,0,0,0,0,0,-32.67,-40.34,0,0,0,0,0,0,0,0
DMGV,0,0,0,0,0,0,6.812,9.739,13.42,1.415,0,25.73,37.36,12.19,0,3.78,0,0,3.101,0,0
Uric acid,0,0,0,0,0,0,0,0,0,0,0,15.53,36.17,25.68,4.466,0,0,0,0,0,0
CAR 3:0,0,0,0,0,0,7.065,30.7,31.04,19.82,0,0,10.38,10.24,0,0,35.69,0,0,5.536,0,0
CAR 4:0,0,0,0,0,0,8.842,29.34,28.12,15.59,0,0,3.118,2.783,0,0,2.353,0,0,-2.623,0,0
Glycerol,0,0,0,0,0,7.249,25.6,22.6,0,0,0,12.33,2.713,0,0,0,0,0,0,0,0
CAR 10:1,0,0,0,0,0,10.23,25.32,9.827,0,0,0,-5.787,-8.613,0,0,1.732,0,0,-1.441,0,0
Citrulline,0,0,0,0,0,-4.889,-11.16,-7.418,-3.156,0,0,-23.98,-21.51,0,0,0,0,0,0,0,0
Glyceraldehyde 3-phosphate,0,0,0,0,0,2.736,12.69,7.126,6.942,0,0,23.86,23.88,0,0,0,0,0,5.123,0,0
Ethanolamine,0,0,0,0,0,16.28,23.86,8.648,1.578,0,0,18.17,7.361,0,0,0,0,0,0,0,0
Isocitric acid,0,0,0,0,0,2.23,4.598,5.739,6.106,0,0,23.13,14.6,0,0,11.27,0,0,7.276,0,0
Proline,0,0,0,0,0,0,0,0,2.088,0,0,9.903,21.98,3.151,0,0,0,0,0,0,0
cis-Aconitic acid,0,0,0,0,0,2.251,5.919,4.78,5.948,0,0,20.89,19.23,0,0,1.836,0,0,3.182,0,0
Citric acid,0,0,0,0,0,0,0,2.814,9.02,0,0,14.15,19.23,0,2.442,20.04,0,0,10.22,0,0
3-Methyl-2-oxovaleric acid,0,0,0,0,0,4.879,4.028,4.69,1.473,0,0,19.66,16.67,0,-3.653,2.574,0,0,6.649,0,0
2-Aminobutyric acid,0,0,0,0,0,-1.686,-5.669,-8.648,-10.54,0,0,-14.89,-18.61,-4.307,0,0,0,0,0,0,0
Fumaric acid,0,0,0,0,0,6.103,6.674,5.589,3.654,0,0,18.03,7.638,0,0,0,0,0,0,0,0
Leucine,0,0,0,0,0,0,0,0,-1.352,0,0,-8.849,-18.01,-3.035,0,0,0,0,0,-2.558,-1.611
CAR 12:3,0,0,0,0,0,10.57,17.81,11.76,4.137,0,0,3.59,0,0,0,0,0,0,0,0,0
CAR 11:0,0,0,0,0,0,5.035,17.81,12.44,3.668,0,0,-4.454,-10.09,0,0,1.742,0,0,-1.531,0,0
Glutamic acid,0,0,0,-1.413,0,0,0,2.934,1.309,0,0,3.711,1.817,0,0,-2.503,0,0,-17.54,0,0
2-Oxoglutaric acid,0,0,0,0,0,2.896,3.72,6.722,5.295,0,0,12.87,16.58,0,0,0,0,0,-1.503,0,0
CAR 2:0,0,0,0,0,0,1.492,7.903,11.54,10.46,6.285,0,14.57,8.809,16.39,0,6.596,3.299,0,5.216,2.786,2.131
Phenylacetic acid,0,0,0,0,0,0,0,0,2.421,0,0,9.645,16.05,0,0,0,0,0,1.965,0,0
CAR 12:2,0,0,0,0,0,6.161,15.89,6.066,0,0,0,-4.54,-7.488,0,0,0,0,0,0,0,0
Phenylpyruvic acid,0,0,0,0,0,8.595,5.381,1.825,0,0,0,13.24,15.83,0,0,0,0,0,0,0,0
Ketoleucine,0,0,0,0,0,4.524,3.664,3.741,0,0,0,15.81,12.52,-1.948,-2.073,2.746,0,0,6.846,0,0
CAR 10:0,0,0,0,0,0,2.431,9.427,4.148,0,0,0,-9.976,-15.46,0,0,0,0,0,-2.311,0,0
CAR 8:0,0,0,0,0,0,5.691,14.91,8.245,0,0,0,0,0,0,0,1.318,0,0,-1.629,0,0
N-Acetylmethionine,0,0,0,0,0,0,5.006,2.386,0,0,0,14.67,11.68,0,0,0,0,0,0,0,0
Indolelactic acid,0,0,0,0,0,0,0,0,0,0,0,9.204,14.36,2.668,0,0,0,0,3.084,0,0
KET,0,0,0,0,0,-6.868,-3.178,0,0,0,0,-8.735,-14.13,3.476,0,0,0,0,0,0,0
CAR 6:0,0,0,0,0,0,4.347,14.12,8.673,2.069,0,0,-9.072,-9.759,2.833,0,0,0,0,-3.749,0,0
Phe-Phe,0,0,0,0,0,0,0,-2.863,-3.194,0,0,-13.84,-9.719,0,0,0,0,0,0,0,0
Hydroxycaprylic acid,0,0,0,0,0,0,0,0,0,0,0,-10.89,-13.83,2.036,0,0,0,0,0,0,0
N-Acetyl-D-tryptophan,0,0,0,0,0,7.065,13.12,7.673,2.249,0,0,13.61,9.483,0,0,0,0,0,0,0,0
CAR 14:1;OH,0,0,0,0,0,0,4.36,4.728,0,0,0,-6.125,-13.39,2.148,0,0,0,0,0,0,0
CAR 9:0,0,0,0,0,0,3.563,13.21,10.21,7.473,0,0,0,0,0,0,0,0,0,0,0,0
Isoleucine,0,0,0,0,0,0,0,0,0,0,0,-7.867,-13.15,0,-4.563,0,0,0,0,-1.678,-4.428
Leucine/Isoleucine,0,0,0,0,0,0,0,-3.809,-7.795,0,0,-9.049,-12.52,-8.873,-3.653,0,0,0,0,0,0
beta-Leucine,0,0,0,0,0,0,0,0,-1.371,0,0,-6.645,-12.12,0,-3.001,0,0,0,0,0,0
CAR 12:1,0,0,0,0,0,0,7.303,5.408,0,0,0,-7.728,-11.98,2.664,0,0,0,0,-1.85,0,0
Creatinine,0,0,0,0,0,0,0,0,3.732,0,0,7.12,11.95,2.397,0,0,0,0,0,0,0
CAR 11:1,0,0,0,0,0,5.644,11.79,8.203,6.982,0,0,0,0,-1.355,0,2.773,0,1.578,0,0,0
CAR 4:0;OH,0,0,0,0,0,0,0,0,1.728,4.56,0,0,0,6.336,0,11.62,7.292,0,3.101,3.689,1.591
CAR 7:0,0,0,0,0,0,4.541,11.51,11.54,5.19,1.606,0,0,-2.854,5.813,0,0,0,0,0,0,0
Aminobutyric acid,0,0,0,0,0,0,-2.628,-4.248,-4.027,0,0,-11.42,-9.803,0,0,0,0,0,-1.807,0,0
Capric acid,0,0,0,0,0,0,0,1.764,-1.452,0,0,-2.788,-11.36,0,0,0,0,0,0,0,0
CAR 12:0,0,0,0,0,0,1.693,7.628,6.466,1.359,0,0,-5.425,-11.33,2.594,0,0,0,0,-1.556,0,0
4-Pyridoxic acid,0,0,0,0,0,6.298,11.23,5.561,0,0,0,4.549,0,0,0,0,0,0,0,0,0
Hydroxycapric acid,0,0,0,0,0,0,0,0,0,0,0,-5.338,-11.22,0,-1.341,0,0,0,0,0,0
N-Acetylhistidine,0,0,0,0,0,-3.235,-6.679,-3.26,-1.32,0,0,-10.72,-11.14,0,0,0,0,0,0,0,0
Carnitine,0,1.538,0,0,0,0,-1.551,-1.857,0,0,0,0,0,0,0,-10.98,0,0,-3.484,0,0
Valine,0,0,0,0,0,-3.776,-5.958,-2.389,-2.012,0,0,-9.715,-10.96,-7.6,-1.71,0,0,0,0,0,0
2-Hydroxyglutaric acid,0,0,0,0,0,1.697,3.672,2.659,3.083,0,0,10.63,8.48,2.508,0,0,0,0,0,0,0
Methionine,0,0,0,0,0,0,3.47,4.347,4.836,0,0,7.08,10.59,0,0,3.231,0,0,0,0,-2.62
CAR 13:1,0,0,0,0,0,2.552,10.53,8.236,4.854,0,0,0,-3.598,0,0,0,0,0,-3.101,0,0
2-Hydroxybutyric acid,0,0,0,-2.813,0,-7.154,-4.028,0,0,0,0,-6.787,-10.11,1.557,0,0,0,0,0,0,0
CAR 16:2,0,0,0,0,0,0,4.007,6.635,1.887,0,0,-3.794,-9.95,5.813,0,0,0,0,-1.546,0,0
CAR 18:1,0,0,0,0,0,0,0,0,1.558,0,0,-9.237,-9.891,6.381,0,0,0,0,-1.556,0,0
Citric acid/Isocitric acid,0,0,0,0,0,-1.314,0,0,5.768,0,0,0,9.87,0,0,2.503,0,0,2.649,0,0
Hydroxyproline,0,0,0,0,0,-2.117,-2.516,0,0,0,0,0,0,0,9.681,0,0,0,0,0,2.298
NEFA,0,0,0,0,0,-4.455,0,9.673,0,0,0,-2.107,-7.14,4.501,0,0,0,0,0,0,0
CAR 14:2;OH,0,0,0,0,0,0,5.144,5.088,0,0,0,-4.454,-9.572,0,0,0,0,0,0,0,0
Serine,0,0,0,0,0,-7.879,-9.518,-8.673,-2.889,0,0,-6.645,-2.744,-1.405,0,3.977,0,0,0,0,0
Creatine,0,0,0,0,0,2.443,9.319,5.561,1.327,0,0,1.39,0,0,0,0,0,0,0,0,0
Ile-Ile,0,0,0,0,0,0,-1.646,-3.391,-3.019,0,0,-9.204,-3.627,0,0,0,0,0,0,0,0
CAR 18:0;OH,0,0,0,0,0,0,0,0,0,0,0,-6.62,-9.156,3.844,0,0,0,0,0,0,0
Pyridoxal,0,0,0,0,0,0,0,0,0,0,0,-7.728,-8.857,0,0,0,0,0,0,0,0
gamma-Aminobutyric acid,0,1.51,0,0,0,-4.217,-8.773,-6.799,-5.587,0,0,-6.645,-6.404,-1.77,0,0,0,0,0,0,0
CAR 10:0;OH,0,0,0,0,0,-1.304,0,0,0,0,0,-8.707,-6.439,1.449,0,1.675,0,0,-2.479,0,0
dUMP,0,0,0,0,0,8.557,8.215,3.782,2.925,0,0,7.808,7.065,0,0,0,0,0,0,0,0
CAR 16:0,0,0,0,0,0,0,1.39,0,0,0,0,-5.843,-8.532,5.541,1.452,0,0,0,-1.81,0,0
Targinine,0,0,0,0,0,-5.389,-8.522,-2.701,0,0,0,0,0,0,0,0,0,0,0,0,0
N6-Acetyllysine,0,0,0,0,0,0,0,2.744,3.545,0,0,6.305,8.52,0,0,0,0,0,0,0,0
Cortisol,0,0,0,0,0,0,4.343,8.483,7.49,0,0,6.125,6.022,0,0,0,0,0,0,0,0
UDP-glucose,0,0,0,0,0,0,0,-1.857,-1.307,0,0,0,0,0,0,-1.574,-2.134,0,-8.013,0,0
Ornithine,0,0,0,0,0,-3.971,-7.953,-4.501,-1.646,0,0,-6.393,-3.062,0,0,0,0,0,0,0,0
11-Deoxycortisol,0,0,0,0,0,0,5.125,7.869,5.587,0,0,5.562,3.949,-2.08,0,0,0,0,0,0,0
CAR 16:3,0,0,0,0,0,0,1.776,1.946,0,0,0,-5.686,-7.848,2.492,0,0,0,0,0,0,0
CAR 5:1,0,0,0,0,0,0,0,0,3.732,0,0,2.011,7.808,6.871,2.352,0,0,0,0,0,0
3-Hydroxybutyric acid,0,0,0,0,0,-2.693,-2.427,0,0,0,0,5.087,7.657,1.869,0,0,0,0,1.535,0,0
O-Ethylhomoserine,0,0,0,0,0,-7.326,-7.582,-3.413,0,0,0,-1.597,0,0,0,0,0,0,0,0,0
N1-Acetylspermidine,0,0,0,0,0,1.339,6.431,7.418,1.887,0,0,6.956,2.528,0,0,0,0,0,0,0,0
PC P-34:2 or PC O-34:3,0,2.264,0,0,0,0,0,2.109,2.012,0,0,6.57,7.258,1.893,0,0,0,0,0,0,0
CAR 5:0,0,0,0,0,0,0,1.702,7.252,6.888,0,0,3.706,4.792,0,0,3.308,0,0,0,0,0
CAR 8:0;OH,0,0,0,0,0,-1.643,0,0,0,0,0,-7.182,-7.059,3.564,0,2.917,0,0,-1.579,0,1.883
CAR 14:2,0,0,0,0,0,0,0,0,0,0,0,-5.899,-7.175,2.599,0,0,0,0,-1.681,0,0
Kynurenic acid,0,0,0,0,0,0,3.665,7.012,2.889,0,0,2.059,1.731,5.305,0,0,0,0,0,0,0
Aminoadipic acid,0,0,0,0,0,3.011,6.875,4.446,4.15,0,0,2.937,1.413,0,-4.007,0,0,0,0,0,0
N-Acetylalanine,0,0,0,0,0,0,0,0,0,0,0,2.947,6.789,2.564,0,0,0,0,0,0,0
N-Acetylleucine,0,0,0,0,0,2.304,1.301,2.054,0,0,0,6.777,5.164,0,0,0,0,0,0,0,0
CAR 18:1;OH,0,0,0,0,0,0,2.383,2.666,0,0,0,-2.477,-6.74,2.72,0,0,0,0,0,0,0
NA-Gly 18:1(9Z),0,0,0,0,0,-1.643,0,0,0,0,0,-2.21,-3.463,6.713,0,0,0,0,0,0,0
Hydroxylauric acid,0,0,0,0,0,-5.701,0,1.906,0,0,0,-2.705,-6.703,0,0,0,0,0,0,0,0
3-Dehydroxycarnitine,0,0,0,0,0,0,1.939,0,0,0,0,5.595,5.241,2.162,0,6.692,0,0,3.484,0,0
CAR 14:0;OH,0,0,0,0,0,0,0,0,2.496,0,0,0,0,6.6,0,0,0,0,0,0,0
CAR 18:3,0,0,0,0,0,0,2.467,4.922,0,0,0,-1.345,-6.555,2.148,0,0,0,0,0,0,0
Hydroxytetradecanoic acid,0,0,0,0,0,-6.55,-2.055,0,0,0,0,0,-3.345,0,0,0,0,0,0,0,0
LPC 18:3,0,0,0,0,0,0,0,0,0,0,0,3.6,6.542,0,0,0,0,0,0,0,0
GDP-mannose,0,0,0,0,0,0,0,0,0,0,0,0,0,0,0,5.413,0,0,6.453,0,0
Cortisone,0,0,0,0,0,1.513,5.463,2.81,3.284,0,0,4.119,6.209,0,0,0,0,0,0,0,0
1-Methylguanosine,0,0,0,0,0,0,4.898,1.395,0,0,0,5.62,6.072,2.162,0,0,0,0,0,0,0
Heptadecanedioic acid,0,0,0,0,0,0,0,0,1.806,0,0,-1.416,-6.04,4.554,0,0,0,0,0,0,0
CAR 18:2,0,0,0,0,0,0,2.433,1.516,0,0,0,-3.59,-5.984,2.001,0,0,0,0,-1.323,0,0
CAR 14:1,0,0,0,0,0,0,2.297,2.5,0,0,0,-3.274,-5.944,3.595,0,0,0,0,-1.85,0,0
N-Acetylputrescine,0,0,0,0,0,0,0,2.703,1.831,0,0,5.843,4.049,0,0,0,0,0,0,0,0
Citramalic acid,0,0,0,0,0,0,0,0,2.482,0,0,2.788,5.829,0,0,0,0,0,0,0,0
Acisoga,0,0,0,0,0,0,0,1.691,1.897,0,0,3.603,5.724,1.381,0,0,0,0,0,0,0
Dimethylarginine,0,0,0,0,0,-5.594,-5.719,0,0,0,0,0,0,0,0,0,0,0,0,0,0
PC O-35:1,0,0,0,0,0,0,2.433,0,0,0,0,5.686,0,0,0,0,0,0,0,0,0
Eicosenoic acid,0,0,0,0,0,-5.67,-2.138,0,0,0,0,-2.586,-1.426,2.23,0,0,0,0,0,0,0
CAR 16:1,0,0,0,0,0,0,0,0,0,0,0,-3.51,-5.649,1.858,0,0,0,0,0,0,0
LPC O-18:1,0,0,0,0,0,-2.12,0,1.838,0,0,0,-1.454,-5.641,1.476,0,0,0,0,0,0,0
FA 20:5;O3,0,0,0,0,0,0,1.314,4.237,5.601,0,0,0,1.653,-2.299,0,0,0,0,0,0,0
CAR 14:0,0,0,0,0,0,1.526,5.133,4.728,3.413,0,0,-1.927,-5.59,3.595,0,0,0,0,-1.694,0,0
Ureidopropionic acid,0,0,0,0,0,0,0,1.349,1.352,0,0,5.566,4.122,0,0,0,0,0,0,0,0
Alloisoleucine,0,0,0,0,0,2.587,2.962,1.859,0,0,0,5.518,3.518,0,0,0,0,0,0,0,0
N-Methyl-D-aspartic acid,0,0,0,0,0,0,0,0,0,0,0,3.415,5.454,0,0,0,0,0,0,0,0
FA 22:3;O,0,0,0,0,0,0,0,5.451,0,0,0,1.829,0,0,0,0,0,0,0,0,0
CAR 20:3,0,0,0,0,0,0,0,0,0,0,0,-2.382,-5.407,0,0,0,0,0,0,0,0
Taurine,0,0,0,0,0,1.304,1.349,0,0,0,0,5.37,2.17,0,0,0,0,0,-1.332,0,0
Phosphocreatine,0,0,0,0,0,-2.896,-3.766,-5.35,0,0,0,-3.237,-3.111,0,0,0,0,0,0,0,0
CMP,0,0,0,0,0,0,0,0,0,0,0,3.401,5.282,0,0,0,0,0,0,0,0
Tryptophan,0,0,0,0,0,0,0,-5.258,0,0,0,0,3.233,-1.571,0,0,0,0,0,0,0
Piperine,0,0,-1.572,0,-1.953,0,0,-2.28,-1.399,0,-5.246,0,0,0,-3.996,0,0,0,0,0,0
Pterin,0,0,0,0,0,2.28,5.116,1.349,0,0,0,5.171,1.976,0,0,0,0,0,0,0,0
Ribothymidine,0,0,0,0,0,0,1.324,1.508,0,0,0,4.798,5.145,1.505,0,0,0,0,0,0,0
sn-Glycero-3-phosphate,0,0,0,0,0,0,0,0,1.639,0,0,0,0,-2.543,0,-5.13,-1.777,0,-4.403,0,0
Aminoisobutyric acid,0,0,0,0,0,0,-1.802,-1.661,-2.481,0,0,-4.025,-5.058,0,0,0,0,0,0,0,0
FA 14:3;O,0,0,0,0,0,0,0,0,0,0,0,-4.043,-4.997,0,0,0,0,0,0,0,0
Dodecenoic acid,0,0,0,0,0,0,0,1.945,0,0,0,-2.182,-4.968,0,0,0,0,0,0,0,0
NA-Gly 14:0,0,0,0,0,0,0,0,0,0,0,0,1.464,0,4.915,0,0,0,0,0,0,0
CAR 13:0,0,0,0,0,0,0,1.776,0,4.854,0,0,0,0,0,0,0,0,0,0,0,0
Tyrosine,0,0,0,0,0,0,0,3.336,4.836,0,0,1.532,3.157,0,0,0,0,0,0,0,0
Tetradecadienoic acid,0,0,0,0,0,0,0,2.239,0,0,0,-2.045,-4.799,0,0,0,0,0,0,0,0
Cytidine,0,0,0,0,0,0,0,0,0,0,0,0,0,0,0,-2.917,0,0,-4.728,0,0
Ile-Glu,0,0,0,0,0,-2.543,-2.433,0,0,0,0,-4.689,0,0,0,0,0,0,0,0,0
UDP-galactose,0,0,0,0,0,0,0,0,0,0,0,0,0,0,0,-2.198,-2.344,0,-4.683,0,0
S-Methylcysteine S-oxide,0,1.826,0,0,0,-1.644,-2.635,-2.064,0,0,0,-4.641,-1.77,0,0,0,0,0,0,0,0
Glutaric acid,0,0,0,0,0,-2.058,0,0,0,0,0,0,0,0,0,4.586,0,0,0,0,0
Pentadecylic acid,0,0,0,0,0,0,1.598,4.572,1.368,0,0,0,0,0,0,0,0,0,0,0,0
CAR 6:0;OH,0,0,0,0,0,0,0,0,0,0,0,0,-1.699,3.412,0,0,0,1.578,0,1.678,4.559
SM 44:4;O2,0,0,0,0,0,2.01,2.383,0,0,0,0,4.54,0,0,0,0,0,0,0,0,0
Phenylalanine,0,0,0,0,0,0,0,1.727,3.071,0,0,1.318,4.515,0,0,0,0,0,0,0,0
Biliverdin,0,0,0,0,0,0,-2.146,0,-1.454,0,0,-4.51,-2.945,0,0,0,0,0,0,0,0
Homoarginine,0,0,0,0,0,-1.713,-4.396,-1.661,0,0,0,0,0,0,0,0,0,0,0,0,0
FA 20:3;O,0,0,0,0,0,0,0,4.375,0,0,0,0,0,0,0,0,0,0,0,0,0
Asparagine,0,0,0,0,0,-2.958,-3.75,-4.334,0,0,0,0,0,0,0,0,0,0,0,0,0
Docosadienoic acid,0,0,0,0,0,-4.326,0,0,0,0,0,-1.801,-1.472,2.306,0,0,0,0,0,0,0
SM 18:1;O2/16:1,0,2.237,0,0,0,3.317,4.226,0,0,0,0,0,0,0,0,0,0,0,0,0,0
4-Aminohippuric acid,0,0,0,0,0,0,4.177,2.703,1.897,0,0,3.159,0,0,0,0,0,0,0,0,0
Cinnamoylglycine,0,0,0,0,0,-2.58,0,0,0,0,0,-2.531,-4.173,0,0,0,0,0,0,0,0
LPC 18:0/0:0,0,0,0,0,0,-1.636,0,2.636,0,0,0,0,-4.118,1.881,0,0,0,0,0,0,0
Lys-Gly,0,0,0,0,0,-1.406,0,0,0,0,0,1.342,4.113,0,0,0,0,0,0,0,0
Eicosapentaenoic acid,0,0,0,0,0,-1.343,0,1.875,0,0,0,-1.461,-4.087,0,0,0,0,0,0,0,0
Hexadecenoic acid,0,0,0,0,0,0,0,1.989,0,0,0,-2.045,-4.087,0,0,0,0,0,0,0,0
Glycoursodeoxycholic acid,0,0,0,0,0,0,0,0,0,0,0,-3.415,-4.059,0,0,0,0,0,0,0,0
Phenyllactic acid,0,0,0,0,0,0,0,0,0,0,0,2.538,4.026,0,0,0,0,0,0,0,0
N-Acetylisoputreanine,0,0,0,0,0,0,0,0,0,0,0,3.982,2.744,0,0,0,0,0,0,0,0
Docosatetraenoic acid,0,0,0,0,0,-3.964,0,1.773,0,0,0,-1.801,-1.651,2.23,0,0,0,0,0,0,0
CAR DC3:0;2Me,0,0,0,0,0,0,0,0,0,0,0,2.059,1.77,3.757,0,0,0,0,3.958,1.678,0
N-Acetylarginine,0,0,0,0,0,0,0,1.412,1.301,0,0,3.43,3.945,0,0,0,0,0,0,0,0
Hypotaurine,0,0,0,0,0,0,0,0,0,0,0,3.943,0,0,0,0,0,0,0,0,0
Fructose 6-phosphate,0,0,0,0,0,0,0,0,0,0,0,-3.937,0,0,0,0,0,0,0,0,0
Hexadecatrienoic acid,0,0,0,0,0,-3.903,0,2.141,0,0,0,0,-1.482,0,0,0,0,0,0,0,0
Docosatrienoic acid,0,0,0,0,0,-3.903,0,0,0,0,0,-2.586,-1.532,2.087,0,0,0,0,0,0,0
Guanidoacetic acid,0,0,0,0,0,0,0,0,0,0,0,3.856,0,0,0,0,0,0,0,0,0
sn-Glycero-3-phosphocholine,0,1.517,0,0,0,3.297,2.229,0,0,0,0,3.849,0,0,0,0,0,0,0,0,0
Leu-Ile,0,0,0,0,0,0,0,-2.602,-1.667,0,0,-3.787,-2.09,0,0,0,0,0,0,0,0
PC 30:2,0,0,0,0,0,-1.636,0,0,0,0,0,0,0,3.755,0,0,0,0,0,0,0
EDTA,0,0,0,0,0,0,0,0,0,0,0,0,0,0,0,-2.353,0,0,-3.749,0,0
NADP,0,0,0,0,0,0,0,0,0,0,0,0,0,0,0,0,0,0,-3.696,0,0
DG 38:5,0,0,0,0,0,1.588,2.576,3.657,0,0,0,2.837,0,0,0,0,0,0,0,0,0
PC P-34:0 or PC O-34:1,0,2.264,0,0,0,0,0,0,0,0,0,3.638,2.166,1.581,0,0,0,0,0,0,0
Indoleacrylic acid,0,0,0,0,0,0,0,0,0,0,0,-2.432,-3.625,0,-2.711,0,0,0,0,0,0
Nonadecatrienoic acid,0,0,0,0,0,-3.623,-2.138,0,0,0,0,0,0,0,0,0,0,0,0,0,0
Spermine,0,0,0,0,0,0,0,0,-1.667,0,0,-3.501,-2.318,0,0,0,0,0,0,0,0
Glucose,0,0,0,0,0,0,0,3.497,0,0,0,2.127,0,0,0,0,0,0,0,0,0
Octadecatrienoic acid,0,0,0,0,0,0,0,2.932,0,0,0,-1.443,-3.488,0,0,0,0,0,0,0,0
DG 38:4,0,0,0,0,0,0,3.462,1.531,0,0,0,1.681,0,0,0,0,0,0,0,0,0
DG 18:1_22:6,0,0,0,0,0,1.686,3.447,2.631,0,0,0,1.651,0,0,0,0,0,0,0,0,0
Docosapentaenoic acid,0,0,0,0,0,-3.442,0,0,0,0,0,-1.48,0,0,0,0,0,0,0,0,0
PC 32:0,0,2.065,0,0,0,1.987,1.956,0,0,0,0,3.43,1.458,1.972,0,0,0,0,0,0,0
Cystine,0,0,0,0,0,-3.052,-2.079,0,0,0,0,0,3.38,0,0,0,0,0,0,0,0
Nonadecadienoic acid,0,0,0,0,0,-3.344,0,0,0,0,0,0,0,0,0,0,0,0,0,0,0
2-Hydroxy-3-methylbutyric acid,0,0,0,0,0,0,0,-1.868,0,0,0,0,0,0,0,3.222,3.339,0,0,0,0
PS P-36:1 or PS O-36:2,0,0,0,0,0,2.345,3.336,0,0,0,0,2.184,0,0,0,0,0,0,0,0,0
DG 34:1,0,0,0,0,0,1.383,3.302,1.886,0,0,0,0,0,0,0,0,0,0,0,0,0
FA 14:2;O,0,0,0,0,0,0,0,2.793,0,0,0,-1.377,-3.297,0,0,0,0,0,0,0,0
Pro-Phe,0,0,0,0,0,0,-1.75,-3.021,-3.261,0,0,-2.399,-2.886,0,0,0,0,0,0,0,0
DG 18:1_20:4,0,0,0,0,0,0,2.383,3.259,1.632,0,0,1.589,0,0,0,0,0,0,0,0,0
Glutamine,0,0,0,0,0,-2.017,-1.495,-2.718,0,0,0,0,3.233,2.063,0,0,0,0,0,0,0
PC P-32:0 or PC O-32:1,0,2.264,0,0,0,0,0,0,0,0,0,3.055,3.233,2.162,0,0,0,0,0,0,0
13-HODE,0,0,0,0,0,0,3.082,2.635,0,0,0,0,-3.218,0,0,0,0,0,0,0,0
Tetracosatetraenoic acid,0,0,0,0,0,0,0,0,0,0,0,-2.586,0,3.187,0,0,0,0,0,0,0
Phe-Trp,0,0,0,0,0,0,0,0,0,0,0,-3.183,-1.563,2.08,0,0,0,0,0,0,0
DG 36:3,0,0,0,0,0,0,3.18,1.979,0,0,0,0,0,0,0,0,0,0,0,0,0
SM 18:1;O2/18:1,0,2.065,0,0,0,1.304,3.156,0,0,0,0,0,0,1.796,0,0,0,0,0,0,0
LPE P-18:0 or LPE O-18:1,0,0,0,0,0,1.977,1.378,0,0,0,0,1.454,0,0,0,-3.13,0,0,-1.339,0,0
1-Methylhistamine,0,0,0,0,0,0,0,0,0,0,0,3.103,0,0,0,0,0,0,0,0,0
PC P-30:0 or PC O-30:1,0,0,0,0,0,2.345,1.709,0,0,0,0,3.103,3.001,0,0,0,0,0,0,0,0
Octadecatetraenoic acid,0,0,0,0,0,-3.055,0,1.377,0,0,0,0,-1.842,0,0,0,0,0,0,0,0
LPE 16:1,0,0,0,0,0,0,0,0,0,0,0,0,0,3.035,0,0,0,0,0,0,0
LPC 20:0/0:0,0,0,0,0,0,0,0,0,0,0,0,0,-3.031,1.355,0,0,0,0,0,0,0
Putrescine,0,0,0,0,0,1.314,3,0,0,0,0,0,0,-2.053,0,0,0,0,0,0,0
SM 18:1;O2/22:3,0,2.107,0,0,0,0,0,0,0,0,0,0,0,2.992,0,0,0,0,0,0,0
LPE 22:5,0,0,0,0,0,0,0,0,0,0,0,0,-1.319,2.98,0,0,0,0,0,0,0
2-Aminocaprylic acid,0,0,0,0,0,0,0,0,0,0,0,-2.948,-2.529,0,0,0,0,0,0,0,0
DG 34:3,0,0,0,0,0,0,2.942,1.532,0,0,0,0,0,0,0,0,0,0,0,0,0
SM 18:1;O2/16:0,0,2.113,0,0,0,1.454,2.942,0,0,0,0,0,0,0,0,0,0,0,0,0,0
FA 16:1;O2,0,0,0,0,0,0,0,0,2.929,0,0,0,0,2.826,0,0,0,0,0,0,0
Sebacic acid,0,0,0,0,0,0,0,0,0,0,0,-1.511,-2.912,2.58,0,0,0,0,0,0,0
CAR 12:0;OH,0,0,0,0,0,0,0,2.218,0,0,0,0,-2.767,0,0,0,0,0,-2.911,0,0
Heptadecenoic acid,0,0,0,0,0,0,0,2.579,0,0,0,-1.426,-2.902,0,0,0,0,0,0,0,0
Pipecolic acid,0,0,0,0,0,0,0,0,0,0,-1.329,0,0,0,-2.838,0,0,0,0,0,0
CAR 5:0;OH,0,0,0,0,0,0,0,0,0,0,0,2.834,0,0,0,0,0,0,-1.455,0,0
Betaine,0,0,0,0,0,-1.413,0,0,0,0,0,0,1.677,2.833,0,0,0,0,0,0,0
Phosphoserine,0,0,0,0,0,-1.816,-2.831,-2.436,0,0,0,-1.311,0,0,0,0,0,0,0,0,0
Pregnenolone sulfate,0,0,0,0,0,0,2.277,2.826,2.639,0,0,2.363,1.546,-2.018,-1.9,0,0,0,0,0,0
Histidine,0,0,0,0,0,-1.423,-2.382,0,0,0,0,0,2.783,0,0,0,0,0,0,0,0
Phosphoethanolamine,0,0,0,0,0,2.155,1.515,0,0,0,0,2.78,0,0,0,0,0,0,0,0,-1.382
PE 32:1,0,1.544,0,0,0,0,0,0,0,0,0,0,0,0,0,0,0,0,0,0,2.773
ATP,0,0,0,0,0,0,0,-2.768,0,0,0,0,0,0,0,0,0,0,-1.786,0,0
L-Urobilin,0,0,0,0,0,0,0,2.529,2.762,0,0,0,0,0,0,0,0,0,0,0,0
N4-Acetylcytidine,0,0,0,0,0,0,0,0,0,0,0,0,0,2.735,0,0,0,0,0,0,0
LPE 20:3,0,0,0,0,0,0,0,0,0,0,0,0,0,2.735,0,0,0,0,0,0,0
FA 18:2;O,0,0,0,0,0,0,0,2.141,0,0,0,0,-2.732,0,0,0,0,0,0,0,0
CAR DC6:0,0,0,0,0,0,0,0,0,0,0,0,2.729,1.737,0,0,0,0,0,0,0,0
GlcCer 18:2;O2/22:0,0,0,0,0,0,0,0,0,0,0,0,0,2.729,0,0,0,0,0,0,0,0
Threonine,0,0,0,0,0,0,0,-1.787,0,0,0,-2.711,0,-2.189,0,1.595,0,0,0,0,0
1-Methyladenosine,0,1.511,0,0,0,0,0,0,2.231,0,0,0,2.621,2.693,0,0,0,0,0,0,0
DG 40:6,0,0,0,0,0,0,1.848,1.979,2.131,0,0,2.68,0,0,0,0,0,0,0,0,0
LPE 18:1,0,0,0,0,0,0,0,0,0,0,0,0,0,2.664,0,0,0,0,0,0,0
SM 18:1;O2/22:2,0,0,0,0,0,0,2.095,0,0,0,0,0,0,2.664,0,0,0,0,0,0,0
13-cis-Retinoic acid,0,0,0,0,0,-1.69,0,-1.681,0,0,0,-1.938,-2.642,0,0,0,0,0,0,0,0
SM 18:1;O2/19:1,0,0,0,0,0,1.358,2.628,0,0,0,0,0,0,2.032,0,0,0,0,0,0,0
Urocanic acid,0,0,0,0,0,-1.492,-2.618,0,0,0,0,0,0,0,0,0,0,0,0,0,0
LPC 20:1,0,0,0,0,0,0,0,0,0,0,0,0,-2.597,0,0,0,0,0,0,0,0
SM 18:1;O2/22:1,0,2.003,0,0,0,0,0,0,0,0,0,0,0,2.594,0,0,0,0,0,0,0
Tetracosapentaenoic acid,0,0,0,0,0,0,0,0,0,0,0,-2.586,0,2.23,0,0,0,0,0,0,0
Cytosine,0,0,0,0,0,0,2.58,0,0,0,0,0,0,0,0,0,0,0,0,0,0
PC O-32:0,0,2.264,0,0,0,1.489,2.58,0,0,0,0,2.059,0,2.501,0,0,0,0,0,0,0
SM 33:2;O2,0,0,0,0,0,2.01,2.576,0,0,0,0,0,0,0,0,0,0,0,0,0,0
SM 18:1;O2/14:1,0,0,0,0,0,1.92,2.002,0,0,0,0,2.573,0,0,0,0,0,0,0,0,0
PE P-40:6 or PE O-40:7,0,1.701,0,0,0,0,1.493,0,0,0,0,1.666,0,2.567,0,0,0,0,0,0,0
Tetracosadienoic acid,0,0,0,0,0,0,0,0,0,0,0,-2.567,0,0,0,0,0,0,0,0,0
AICAR,0,0,0,0,0,0,0,0,0,0,0,0,0,0,0,2.554,0,0,2.225,0,0
Palmitoleic acid,0,0,0,0,0,0,0,0,0,0,0,0,-2.553,0,0,0,0,0,0,0,0
Lignoceric acid,0,0,0,0,0,0,0,0,0,0,0,-2.085,-2.538,0,0,0,0,0,0,0,0
PC 18:1_20:4,0,0,0,0,0,0,0,0,0,0,0,-2.536,0,0,0,0,0,0,0,0,0
Dimethylglycine,0,0,0,0,0,-2.303,-2.519,0,0,0,0,0,0,0,0,0,0,0,0,0,0
5-Hydroxyindoleacetic acid,0,0,0,0,0,1.902,2.427,0,1.806,0,0,0,2.453,0,0,0,0,0,0,0,0
ST 27:2;O3,0,0,0,0,0,0,0,1.361,2.451,0,0,1.573,1.945,0,0,0,0,0,0,0,0
"NA-Gly 18:2(9Z,12Z)",0,0,0,0,0,0,0,0,0,0,0,0,-1.324,2.425,0,0,0,0,0,0,0
PC P-36:4 or PC O-36:5,0,2.264,0,0,0,0,0,0,0,0,0,0,2.414,1.505,0,0,0,0,0,0,0
LPC O-16:0,0,0,0,0,0,2.411,0,0,0,0,0,1.76,0,0,0,0,0,0,0,0,0
Hydroxyphenyllactic acid,0,0,0,0,0,0,0,0,0,0,0,1.455,2.331,0,0,0,0,0,2.406,0,0
N-Acetylglutamic acid,0,2.394,0,0,0,0,0,0,0,0,0,0,0,0,0,0,0,0,0,0,0
Aspirin,0,0,0,0,0,0,0,0,0,0,0,-2.379,0,0,0,0,0,0,0,0,0
3-O-Methyl-DOPA,0,0,0,0,0,0,-1.6,-2.366,0,0,0,0,0,0,0,0,0,0,0,0,0
PC O-42:2,0,0,0,0,0,1.417,2.361,0,0,0,0,2.345,0,0,0,0,0,0,0,0,0
Hyocholic acid,0,0,0,0,0,0,0,0,0,0,0,0,0,-2.354,-2.073,0,0,0,0,0,0
Nonadecenoic acid,0,0,0,0,0,-2.351,0,0,0,0,0,0,0,2.23,0,0,0,0,0,0,0
"N(6),N(6)-Dimethyl-lysine",0,0,0,0,0,0,0,0,0,0,0,0,2.349,0,0,0,0,0,0,0,0
Glycochenodeoxycholic acid,0,0,0,0,0,0,0,0,0,0,0,-2.118,-2.331,0,0,0,0,0,0,0,0
Eicosatetraenoic acid,0,0,0,0,0,-2.015,0,0,0,0,0,-1.573,-2.33,0,0,0,0,0,0,0,0
FA 15:4;O,0,0,0,0,0,0,0,0,0,0,0,0,0,0,-2.327,0,0,0,0,0,0
SM 18:1;O2/17:1,0,2.067,0,0,0,0,2.317,0,0,0,0,0,0,0,0,0,0,0,0,0,0
Cysteine,0,0,0,0,0,-2.311,0,0,0,0,0,0,0,0,0,0,0,0,0,0,0
GDP,-1.783,0,0,-2.301,0,0,0,0,0,0,0,0,0,0,0,0,0,0,0,0,0
Cer 18:1;O2/22:1,0,2.293,0,0,0,0,0,0,0,0,0,0,0,0,0,0,0,0,0,0,0
Cer 18:1;O2/18:1,0,2.293,0,0,0,0,0,0,0,0,0,0,0,1.847,0,0,0,0,0,0,0
PC 35:2,0,2.293,0,0,0,0,0,0,0,0,0,0,0,0,0,0,0,0,0,0,0
PC 40:4,0,0,0,0,0,1.417,0,0,0,0,0,2.292,0,0,0,0,0,0,0,0,0
LPC 0:0/14:0,0,0,0,0,0,0,0,0,0,0,0,2.292,0,0,0,0,0,0,0,0,0
TG 54:1,0,0,0,0,0,0,0,0,0,0,0,-2.292,0,0,0,0,0,0,0,0,0
PC P-36:2 or PC O-36:3,0,2.264,0,0,0,0,0,0,0,0,0,0,0,0,0,0,0,0,0,0,0
SM 18:1;O2/15:0,0,2.264,0,0,0,1.713,1.939,0,0,0,0,0,0,0,0,0,0,0,0,0,0
Cer 18:1;O2/16:0,0,2.264,0,0,0,0,0,0,0,0,0,0,0,0,0,0,0,0,0,0,0
PE P-36:4 or PE O-36:5,0,2.264,0,0,0,0,0,0,0,0,0,2.184,0,0,0,0,0,0,0,0,0
PE P-34:2 or PE O-34:3,0,2.264,0,0,0,0,0,0,0,0,0,0,0,0,0,0,0,0,0,0,0
Cer 18:1;O2/16:1,0,2.264,0,0,0,0,0,0,0,0,0,0,0,0,0,0,0,0,0,0,0
PC 33:1,0,2.264,0,0,0,0,0,0,0,0,0,0,0,0,0,0,0,0,0,0,0
TG 44:1,0,2.264,0,0,0,0,0,0,0,0,0,0,0,0,0,0,0,0,0,0,0
Cer 18:1;O2/20:0,0,2.264,0,0,0,0,0,0,0,0,0,0,0,0,0,0,0,0,0,0,0
Cer 18:1;O2/23:1,0,2.264,0,0,0,0,0,0,0,0,0,0,0,0,0,0,0,0,0,0,0
Cer 18:1;O2/24:2,0,2.264,0,0,0,0,0,0,0,0,0,0,0,0,0,0,0,0,0,0,0
Cer 18:1;O2/20:1,0,2.264,0,0,0,0,0,0,0,0,0,1.454,0,1.972,0,0,0,0,0,0,0
Cer 18:1;O2/24:1,0,2.264,0,0,0,0,0,0,0,0,0,0,0,1.327,0,0,0,0,0,0,0
PC 36:5,0,2.264,0,0,0,0,0,0,0,0,0,0,0,0,0,0,0,0,0,0,0
SM 18:1;O2/18:3,0,2.264,0,0,0,0,0,0,0,0,0,0,0,1.577,0,0,0,0,0,0,0
7alpha-Hydroxy-4-cholesten-3-one,0,2.264,0,0,0,0,0,0,0,-1.522,-1.329,0,0,0,0,0,0,0,0,0,0
PC P-36:3 or PC O-36:4,0,2.264,0,0,0,0,0,0,0,0,0,1.379,0,0,0,0,0,0,0,0,0
PE 34:2,0,2.264,0,0,0,0,0,0,-2.012,0,0,0,-1.59,0,0,0,0,0,0,0,0
alpha-Tocoquinone,0,2.264,0,0,0,0,0,0,0,0,0,0,0,2.096,0,0,0,0,0,0,0
PC P-34:1 or PC O-34:2,0,2.264,0,0,0,0,0,0,0,0,0,0,0,0,0,-1.378,0,0,0,0,0
PC P-38:5 or PC O-38:6,0,2.257,0,0,0,1.713,1.5,0,0,0,0,2.252,1.461,2.051,0,0,0,0,0,0,0
PC 32:2,0,2.242,0,0,0,0,0,0,0,0,0,0,0,0,0,0,0,0,-1.556,0,0
PC 34:4,0,2.237,0,0,0,0,0,0,0,0,0,0,0,0,0,0,0,0,0,0,0
PC P-34:3 or PC O-34:4,0,2.237,0,0,0,0,0,0,0,0,0,0,0,0,0,-1.786,0,0,0,0,0
PE P-34:1 or PE O-34:2,0,2.237,0,0,0,0,0,0,0,0,0,1.351,0,0,0,0,0,0,0,0,0
PE P-36:2 or PE O-36:3,0,2.237,0,0,0,0,0,0,0,0,0,0,0,0,0,0,0,0,0,0,0
Cer 18:1;O2/22:0,0,2.237,0,0,0,0,0,0,0,0,0,0,0,0,0,0,0,0,0,0,0
LPE 18:2,0,0,0,0,0,0,0,0,0,0,0,0,0,2.237,0,0,0,0,-1.556,0,0
Hexadecadienoic acid,0,0,0,0,0,-2.232,0,1.945,0,0,0,0,-1.987,0,0,0,0,0,0,0,0
Tauroursodeoxycholic acid,0,0,0,0,0,0,0,0,0,0,0,0,-2.229,0,0,0,0,0,0,0,0
SM 18:1;O2/21:0,0,2.227,0,0,0,0,0,0,0,0,0,0,0,1.374,0,0,0,0,0,0,0
PC 31:0,0,2.227,0,0,0,0,0,0,0,0,0,0,0,0,0,0,0,0,0,0,0
Glycodeoxycholic acid/Glycochenodeoxycholic acid,0,0,0,0,0,0,0,0,0,0,0,-1.492,-2.224,0,0,0,0,0,0,0,0
PE 36:2,0,2.224,0,0,0,0,0,0,0,0,0,0,0,0,0,0,0,0,0,0,0
DG 18:2_18:2,0,0,0,0,0,0,1.798,2.218,0,0,0,0,0,0,0,0,0,0,0,0,0
LPE 16:0/0:0,0,0,0,0,0,1.506,0,-2.214,0,0,0,0,0,0,0,0,0,0,0,0,0
SM 18:1;O2/14:0,0,2.022,0,0,0,1.863,1.875,0,0,0,0,2.197,0,1.457,0,0,0,0,0,0,0
UMP,0,0,0,0,0,0,0,-1.862,0,0,0,0,-2.188,0,0,0,0,0,0,0,0
SM 18:1;O2/17:0,0,2.186,0,0,0,0,2.079,0,0,0,0,0,0,0,0,0,0,0,0,0,0
3-Hydroxybenzoic acid,0,0,0,0,0,0,0,0,0,0,0,0,-2.184,0,0,0,0,0,0,0,0
CAR 18:0,0,0,0,0,0,0,0,0,0,0,0,0,-2.178,0,0,0,0,0,-1.377,0,0
PE P-38:5 or PE O-38:6,0,2.173,0,0,0,0,1.334,0,0,0,0,1.922,1.534,1.335,0,0,0,0,0,0,0
Behenic acid,0,0,0,0,0,0,0,0,0,0,0,-2.172,-2.068,0,0,0,0,0,0,0,0
Lauric acid,0,0,0,0,0,0,0,1.41,0,0,0,0,-2.162,0,0,0,0,0,0,0,0
Maleic acid,0,0,0,0,0,0,0,0,0,0,0,2.156,0,0,0,0,0,0,0,0,0
SM 18:1;O2/18:0,0,2.149,0,0,0,0,1.533,0,0,0,0,0,0,1.44,0,0,0,0,0,0,0
CTP,0,0,0,0,0,0,0,0,0,0,0,0,0,0,0,0,0,0,-2.147,0,0
FA 26:5;O2,0,0,0,0,0,0,2.138,0,0,0,0,0,0,0,0,0,0,0,0,0,0
PE P-38:6 or PE O-38:7,0,2.137,0,0,0,0,0,0,0,0,0,0,1.452,0,0,0,0,0,0,0,0
Tetracosahexaenoic acid,0,0,0,0,0,0,0,2.128,0,0,0,-1.469,0,2.087,0,0,0,0,0,0,0
TG 56:2,0,0,0,0,0,0,0,0,0,0,0,-2.048,0,0,-2.116,0,0,0,0,0,0
PC P-38:4 or PC O-38:5,0,2.113,0,0,0,0,0,0,0,0,0,1.547,1.322,0,0,0,0,0,0,0,0
TG 46:2,0,2.113,0,0,0,0,0,0,0,0,0,0,0,0,0,0,0,0,0,0,0
Cer 18:1;O2/18:0,0,2.107,0,0,0,0,0,0,0,0,0,0,0,0,0,0,0,0,0,0,0
DG 36:2,0,0,0,0,0,0,2.107,1.344,0,0,0,0,0,0,0,0,0,0,0,0,0
Eicosatrienoic acid,0,0,0,0,0,-1.513,0,1.667,0,0,0,0,0,2.097,0,0,0,0,0,0,0
Cer 18:1;O2/14:0,0,2.092,0,0,0,0,1.57,0,0,0,0,1.318,1.371,1.381,0,0,0,0,0,0,0
Histamine,0,2.092,0,0,0,0,0,0,0,0,0,0,0,0,0,0,0,0,0,0,0
PC O-30:0,0,0,0,0,0,1.304,2.079,0,0,0,0,0,0,1.358,0,0,0,0,0,0,0
Dehydroepiandrosterone sulfate,0,0,0,0,0,0,1.662,0,0,0,0,0,0,0,-2.073,0,0,0,0,0,0
LPC 22:1,0,0,0,0,0,-2.07,0,1.554,0,0,0,0,-1.714,1.355,0,0,0,0,0,0,0
Tauromuricholic acid,0,0,0,0,0,0,0,0,0,0,0,-1.732,-2.068,0,0,0,0,0,0,0,0
SM 18:1;O2/20:1,0,2.067,0,0,0,0,0,0,0,0,0,0,0,0,0,0,0,0,0,0,0
PE P-38:4 or PE O-38:5,0,2.065,0,0,0,0,0,0,0,0,0,1.897,0,0,0,0,0,0,0,0,0
PC 30:0,0,2.065,0,0,0,0,0,0,0,0,0,0,0,0,0,0,0,0,-1.71,0,1.883
PE 38:4,0,2.065,0,0,0,0,0,0,0,0,0,0,0,0,0,0,0,0,0,0,0
SM 18:1;O2/20:0,0,2.065,0,0,0,0,0,0,0,0,0,0,0,1.754,0,0,0,0,0,0,0
PE 36:3,0,2.065,0,0,0,0,0,0,0,0,0,0,0,0,0,0,0,0,0,0,0
Glycine,0,0,0,0,0,0,0,-2.064,-1.95,0,0,-1.737,0,0,0,0,0,0,0,0,0
PC 33:2,0,1.569,0,0,0,0,0,0,0,0,0,0,0,2.063,0,0,0,0,-1.755,0,0
Heneicosapentaenoic acid,0,0,0,0,0,-1.457,0,2.061,0,0,0,0,0,0,0,0,0,0,0,0,0
Cer 18:1;O2/24:0,0,2.061,0,0,0,0,0,0,0,0,0,0,0,0,0,0,0,0,0,0,0
N(6)-Methyllysine,0,0,0,0,0,-1.442,-2.052,0,0,0,0,0,0,0,0,0,0,0,0,0,0
PE O-37:2,0,0,0,0,0,0,0,0,0,0,0,2.048,0,0,0,0,0,0,0,0,0
PC P-38:3 or PC O-38:4,0,2.045,0,0,0,0,0,0,0,0,0,0,0,0,0,0,0,0,0,0,0
PE P-40:4 or PE O-40:5,0,0,0,0,0,0,0,0,0,0,0,2.039,0,0,0,0,0,0,0,0,0
SM 30:1;O2,0,0,0,0,0,1.506,2.038,0,0,0,0,1.526,0,0,0,0,0,0,0,0,0
Trigonelline,0,0,0,0,0,0,1.358,0,0,0,0,2.037,0,0,0,0,0,0,0,0,0
DG 18:1_18:2,0,0,0,0,0,0,1.374,2.025,0,0,0,0,0,0,0,0,0,0,0,0,0
PC P-38:6 or PC O-38:7,0,2.022,0,0,0,1.358,1.324,0,0,0,0,0,1.452,1.345,0,0,0,0,0,0,0
PC P-32:1 or PC O-32:2,0,2.022,0,0,0,0,0,0,0,0,0,0,0,0,0,0,0,0,0,0,0
PC 33:0,0,2.022,0,0,0,1.577,0,0,0,0,0,0,0,0,0,0,0,0,0,0,0
PE P-34:0 or PE O-34:1,0,2.022,0,0,0,0,0,0,0,0,0,0,0,0,0,0,0,0,0,0,1.647
PC 34:2,0,2.022,0,0,0,0,0,0,0,0,0,0,0,0,0,0,0,0,0,0,0
PC 36:3,0,2.022,0,0,0,0,0,0,0,0,0,0,0,0,0,0,0,0,0,0,0
PC P-36:5 or PC O-36:6,0,2.022,0,0,0,0,0,0,0,0,0,0,0,0,1.71,0,0,0,0,0,0
SM 18:1;O2/19:0,0,2.022,0,0,0,0,0,0,0,0,0,0,0,0,0,0,0,0,0,0,0
PC O-35:2,0,0,0,0,0,1.506,1.895,0,0,0,0,2.019,0,0,0,0,0,0,0,0,0
PC 36:4,0,2.013,0,0,0,0,0,0,0,0,0,0,0,0,0,0,0,0,0,0,0
Deoxyuridine,0,0,0,0,0,0,-2.01,-1.857,0,0,0,0,0,0,0,0,0,0,1.332,0,0
DHA,0,0,0,0,0,-2.006,0,0,0,0,0,0,0,0,0,0,0,0,0,0,0
Pseudouridine,0,0,0,0,0,-2.001,0,0,0,0,0,0,1.461,1.893,0,0,0,0,0,0,0
LPC 22:6,0,0,0,0,0,0,0,0,0,0,0,0,0,2.001,0,0,0,0,0,0,0
Oxidized glutathione,0,0,0,0,0,0,0,0,-1.496,0,0,0,0,0,0,0,0,0,-2.001,0,0
Niacinamide,0,0,0,0,0,0,0,0,0,0,0,0,0,1.994,0,-1.8,0,0,0,0,0
Hex3Cer 18:1;O2/18:0,0,0,0,0,0,1.981,1.608,0,0,0,0,1.659,1.657,0,0,0,0,0,0,0,0
PC 32:3,0,1.973,0,0,0,0,0,0,0,0,0,0,0,1.645,0,0,0,0,0,0,0
SM 18:1;O2/22:0,0,1.962,0,0,0,0,0,0,0,0,0,0,0,1.32,0,0,0,0,0,0,0
LPC 18:0,0,1.954,0,0,0,0,0,0,0,0,0,0,0,0,0,0,0,0,0,0,0
PC O-40:5,0,0,0,0,0,1.949,0,0,0,0,0,0,0,0,0,0,0,0,0,0,0
PE 36:1,0,0,0,0,0,1.949,0,0,0,0,0,0,0,0,0,0,0,0,0,0,0
Adipic acid,0,0,0,0,0,0,0,-1.948,0,0,0,0,0,0,0,0,0,0,0,0,0
N-Methyl-proline,0,0,0,0,0,0,0,0,0,0,0,0,0,0,1.939,0,0,0,0,0,0
Glu-Lys,0,0,0,0,0,0,-1.939,0,0,0,0,0,0,0,0,0,0,0,0,0,0
PC 18:1_18:2,0,0,0,0,0,0,0,0,0,0,0,-1.446,0,0,-1.93,0,0,0,0,0,0
FA 24:1;O2,0,0,0,0,0,0,0,0,0,0,0,0,0,0,-1.93,0,0,0,0,0,0
Indole-3-methyl acetate,0,0,0,0,0,-1.305,-1.344,0,-1.923,0,0,0,0,0,0,0,0,0,0,0,0
Pentadecenoic acid,0,0,0,0,0,0,0,0,0,0,0,0,-1.916,0,0,0,0,0,0,0,0
LPC 18:1,0,0,0,0,0,0,0,0,0,0,0,0,0,0,0,0,0,0,-1.912,0,0
PC 42:6,0,0,0,0,0,0,0,0,0,0,0,1.884,0,0,0,0,0,0,0,0,0
TG 56:5,0,0,0,0,0,0,0,0,0,0,0,0,0,1.881,0,0,0,0,0,0,0
TG 54:2,0,0,0,0,0,0,0,0,0,0,0,0,0,0,-1.874,0,0,0,0,0,0
CE 22:6,0,0,0,0,0,0,0,0,0,-1.867,0,0,0,0,0,0,0,0,0,0,0
Spermidine,0,0,0,0,0,0,0,0,0,0,0,-1.859,-1.647,0,0,1.547,0,0,0,0,0
PC 30:1,0,1.841,0,0,0,0,0,0,0,0,0,0,0,0,0,0,0,0,0,0,0
4-Acetamidobutanoic acid,0,0,0,0,0,0,0,1.827,0,0,0,1.634,0,0,0,0,0,0,0,0,0
LPC P-18:0 or LPC O-18:1,0,0,0,0,0,1.522,0,0,0,0,0,0,0,0,0,-1.825,0,0,-1.825,0,0
Eicosadienoic acid,0,0,0,0,0,-1.823,0,0,0,0,0,0,0,0,0,0,0,0,0,0,0
PC 32:1,0,0,0,0,0,0,0,0,0,0,0,0,0,0,0,0,0,0,-1.81,0,0
TG 56:1,0,0,0,0,0,0,0,0,0,0,0,-1.805,0,0,0,0,0,0,0,0,0
AMP,0,0,0,0,0,0,0,-1.798,0,0,0,0,0,0,0,0,0,0,0,0,0
SM 18:1;O2/21:2,0,0,0,0,0,0,1.796,0,0,0,0,0,0,0,0,0,0,0,0,0,0
Cer 18:1;O2/23:0,0,1.779,0,0,0,0,0,0,0,0,0,0,0,0,0,0,0,0,0,0,0
DG 36:4,0,0,0,0,0,0,1.776,1.302,0,0,0,0,0,0,0,0,0,0,0,0,0
2-Piperidinone,0,0,0,0,0,0,-1.54,0,0,-1.48,0,0,0,-1.772,0,0,0,0,0,0,0
PC 16:0_20:4,0,0,0,0,0,0,0,0,0,0,0,-1.762,0,0,0,0,0,0,0,0,0
SM 18:1;O2/23:2,0,0,0,0,0,0,0,0,0,0,0,1.428,0,1.754,0,0,0,0,0,0,0
FA 22:6;O,0,0,0,0,0,-1.749,0,0,0,0,0,0,-1.496,0,0,0,0,0,0,0,0
Rosmarinic acid,0,0,0,0,0,1.738,1.415,0,0,0,0,0,0,0,0,0,0,0,0,0,0
Pyridoxamine,0,0,0,0,0,0,0,0,0,0,0,-1.735,0,0,0,0,0,0,0,0,0
Linoleic acid,0,0,0,0,0,0,0,0,0,0,0,0,-1.734,0,0,0,0,0,0,0,0
PE 34:0,0,0,0,0,0,0,0,0,0,0,0,0,0,1.725,0,0,0,0,0,0,0
gamma-Glutamylmethionine,0,0,0,0,0,0,-1.34,0,0,0,0,-1.725,0,0,0,0,0,0,0,0,0
PE O-40:6,0,0,0,0,0,0,0,0,0,0,0,1.713,0,0,0,0,0,0,0,0,0
Hexose,0,0,0,0,0,0,0,0,0,0,0,0,0,0,0,0,0,0,1.712,0,0
Aspartic acid,0,0,0,-1.701,0,0,0,0,0,0,0,0,0,0,0,0,0,0,0,0,0
"N2,N2-Dimethylguanosine",0,0,0,0,0,0,0,1.699,0,0,0,0,0,0,0,0,0,0,0,0,0
CAR DC5:0,0,0,0,0,0,0,0,0,0,0,0,0,1.699,0,0,0,0,0,0,0,0
PE 38:6,0,0,0,0,0,0,0,-1.353,-1.693,0,0,0,0,0,0,0,0,0,0,0,0
DG 18:2_20:2,0,0,0,0,0,0,1.693,0,0,0,0,0,0,0,0,0,0,0,0,0,0
SM 38:0;O2,0,0,0,0,0,1.669,0,0,0,0,0,0,0,0,0,0,0,0,0,0,0
Cer 18:1;O2/25:0,0,0,0,0,0,0,0,0,0,0,0,0,0,-1.658,0,0,0,0,0,0,0
Kynurenine,0,0,0,0,0,0,0,-1.537,0,0,0,0,1.647,0,0,0,0,0,0,0,0
Indole-4-carboxaldehyde,0,0,0,0,0,0,0,0,0,0,0,0,0,-1.645,0,0,0,0,0,0,0
LPC 14:0,0,0,0,0,0,0,0,0,0,0,0,0,0,0,0,0,0,0,-1.629,0,0
LPC 16:0,0,1.625,0,0,0,0,0,0,0,0,0,0,0,0,0,0,0,0,-1.629,0,0
LPE 18:0,0,0,0,0,0,1.62,0,0,0,0,0,0,0,1.545,0,0,0,0,0,0,0
Glycohyodeoxycholic acid,0,0,0,0,0,0,0,0,0,0,0,-1.426,-1.615,0,0,0,0,0,0,0,0
PE 32:0,0,0,0,0,0,0,0,0,0,0,0,0,0,0,0,0,0,0,0,0,1.611
FA 18:2;O2,0,0,0,0,0,0,0,0,1.61,0,0,0,0,0,0,0,0,0,0,0,0
Taurocholic acid,0,0,0,0,0,0,0,0,0,0,0,0,-1.601,0,0,0,0,0,0,0,0
PC O-37:4,0,0,0,0,0,0,0,-1.6,0,0,0,0,0,0,0,0,0,0,0,0,0
SM 43:3;O2,0,0,0,0,0,1.588,0,0,0,0,0,0,0,0,0,0,0,0,0,0,0
"(E,E)-Trichostachine",0,0,0,0,0,0,0,0,0,0,0,0,0,-1.571,0,0,0,0,0,0,0
Allantoin,0,0,0,0,0,0,0,0,0,0,0,0,1.569,0,0,0,0,0,0,0,0
1-Methyl nicotinamide,0,1.569,0,0,0,0,0,0,0,0,0,0,0,0,0,0,0,0,0,0,0
PC 28:0,0,1.459,0,0,0,0,0,0,0,0,0,0,0,0,0,0,0,0,-1.567,0,0
PE P-35:2 or PE O-35:3,0,1.558,0,0,0,0,0,0,0,0,0,0,0,0,0,0,0,0,0,0,0
PC 34:3,0,0,0,0,0,0,0,1.531,0,0,0,0,0,0,0,0,0,0,-1.556,0,0
LPC 17:0,0,1.452,0,0,0,0,0,0,0,0,0,0,0,0,0,0,0,0,-1.556,0,0
LPC 20:4,0,0,0,0,0,0,0,0,0,0,0,0,0,0,0,0,0,0,-1.556,0,0
FA 18:3;O,0,0,0,0,0,-1.551,0,0,0,0,0,0,0,0,0,0,0,0,0,0,0
LPC P-16:0 or LPC O-16:1,0,0,0,0,0,0,0,0,0,0,0,0,0,0,0,-1.546,0,0,-1.339,0,0
N-Acetylaspartic acid,0,0,0,0,0,0,0,0,0,0,0,0,0,0,0,0,0,0,-1.546,0,0
Oxaloacetic acid,0,0,0,0,0,-1.546,0,0,0,0,0,0,0,0,0,0,0,0,0,0,0
Pyroglutamic acid,0,0,0,-1.545,0,0,0,0,0,0,0,0,0,0,0,0,0,0,0,0,0
Choline phosphate,0,0,0,0,0,1.545,1.391,0,0,0,0,1.343,0,0,0,0,0,0,0,0,0
Sphinganine,0,0,0,0,0,1.536,0,0,0,0,0,0,0,0,0,0,0,0,0,0,0
SM 18:1;O2/20:2,0,0,0,0,0,0,1.533,0,0,0,0,0,0,1.381,0,0,0,0,0,0,0
Leu-Pro,0,0,0,0,0,0,0,0,0,0,0,0,0,0,0,0,0,0,-1.531,0,0
PC O-37:3,0,0,0,0,0,1.526,0,0,0,0,0,0,0,0,0,0,0,0,0,0,0
Symmetric dimethylarginine,0,0,0,0,0,0,-1.518,0,0,0,0,0,0,0,0,0,0,0,0,0,0
1-DeoxyCer 18:0;O/24:1,0,0,0,0,0,0,0,0,0,0,0,0,0,1.517,0,0,0,0,0,0,0
PC 18:1_20:3,0,0,0,0,0,0,0,0,0,0,0,-1.515,-1.334,0,0,0,0,0,0,0,0
Hex2Cer 18:1;O2/24:0,0,0,0,0,0,1.506,0,0,0,0,0,0,0,0,0,0,0,0,0,0,0
PC O-36:5,0,0,0,0,0,1.506,0,0,0,0,0,1.467,0,0,0,0,0,0,0,0,0
UDP-N-acetylglucosamine,0,0,0,0,0,0,0,0,0,0,0,0,0,0,0,0,0,0,-1.503,0,0
Sedoheptulose 7-phosphate,0,0,0,0,0,0,0,0,0,0,0,0,0,0,0,0,0,0,1.503,0,0
LPC O-18:0,0,0,0,0,0,1.501,0,0,0,0,0,0,0,0,0,0,0,0,0,0,0
Acetyl-CoA,0,0,0,0,0,0,0,0,0,0,0,0,0,0,0,0,0,0,1.497,0,0
FAD,0,0,0,0,0,0,0,0,0,0,0,0,0,0,0,0,0,0,-1.497,0,0
N-Acetylglucosamine 1-phosphate,0,0,0,0,0,0,0,0,0,0,0,0,0,0,0,0,1.492,0,0,0,0
Tetradecenoic acid,0,0,0,0,0,0,0,1.411,0,0,0,0,-1.482,0,0,0,0,0,0,0,0
Lysine,0,0,0,0,0,-1.309,-1.469,0,0,0,0,0,0,0,0,0,0,0,0,0,0
Deoxycholic acid,0,0,0,0,0,0,0,0,0,0,0,0,-1.468,0,0,0,0,0,0,0,0
Glycolithocholic acid,0,0,0,0,0,0,0,0,0,0,0,0,-1.464,0,0,0,0,0,0,0,0
TG 58:2,0,0,0,0,0,0,0,0,0,0,0,-1.325,0,0,-1.462,0,0,0,0,0,0
DG 18:0_18:1,0,0,0,0,0,0,0,0,0,0,0,0,0,0,-1.462,0,0,0,0,0,0
PE O-36:4,0,0,0,0,0,0,0,0,0,0,0,0,0,0,-1.462,0,0,0,0,0,0
PC P-35:2 or PC O-35:3,0,0,0,0,0,0,0,0,0,0,0,1.426,1.461,0,0,0,0,0,0,0,0
1-Methyluric acid,0,0,0,0,0,0,0,0,0,0,0,0,1.461,0,0,0,0,0,0,0,0
PE 36:4,0,1.455,0,0,0,0,0,0,0,0,0,0,0,1.44,0,0,0,0,0,0,0
PE O-17:1/20:4,0,0,0,0,0,0,0,0,0,0,0,1.454,0,0,0,0,0,0,0,0,0
Pro-Tyr,0,0,0,0,0,-1.454,0,0,0,0,0,0,0,0,0,0,0,0,0,0,0
Ectoine,0,0,0,0,0,0,0,0,0,0,0,1.426,0,0,-1.452,0,0,0,0,0,0
N-Acetylornithine,0,0,0,0,0,0,0,0,0,0,0,0,0,0,-1.452,0,0,0,0,0,0
LPE 22:6,0,0,0,0,0,0,0,0,0,0,0,-1.449,0,0,0,0,0,0,0,0,0
PS P-36:2 or PS O-36:3,0,0,0,0,0,0,1.448,0,0,0,0,0,0,1.445,0,0,0,0,0,0,0
Thiamine,0,0,0,0,0,0,0,1.305,0,0,0,1.439,0,0,0,0,0,0,0,0,0
3-Hydroxyanthranilic acid,0,0,0,0,0,0,0,0,1.329,0,0,0,1.436,0,0,0,0,0,0,0,0
5alpha-Androstane-3alpha-ol-17-one sulfate,0,0,0,0,0,0,0,0,0,0,0,0,0,0,-1.434,0,0,0,0,0,0
PC 18:1/18:1,0,0,0,0,0,0,0,0,0,0,0,-1.426,0,0,0,0,0,0,0,0,0
3-Methylhistidine,0,0,0,0,0,-1.423,0,0,0,0,0,0,0,0,0,0,0,0,0,0,0
PC O-36:2,0,0,0,0,0,1.417,0,0,0,0,0,0,0,0,0,0,0,0,0,0,0
PC O-40:6,0,0,0,0,0,1.417,0,0,0,0,0,1.336,0,0,0,0,0,0,0,0,0
MG 18:1,0,0,0,0,0,0,0,0,0,0,0,-1.417,0,0,0,0,0,0,0,0,0
GlcCer 18:1;O2/22:0,0,0,0,0,0,0,0,0,0,0,0,0,1.417,0,0,0,0,0,0,0,0
Glycodeoxycholic acid,0,0,0,0,0,0,0,0,0,0,0,0,-1.415,0,0,0,0,0,0,0,0
Cer 18:1;O2/4:0,0,0,0,0,0,0,-1.415,0,0,0,0,0,0,0,0,0,0,0,0,0,0
PE O-20:1/22:5,0,0,0,0,0,0,0,0,0,0,0,1.413,0,0,0,0,0,0,0,0,0
Cystathionine,0,0,0,0,0,0,0,0,0,0,0,0,0,1.413,0,0,0,0,0,0,0
Palmitoyl-EA,0,0,0,0,0,0,0,0,0,0,0,0,0,1.41,0,0,0,0,0,0,0
LPE 16:0,0,0,0,0,0,0,0,-1.409,0,0,0,0,0,0,0,0,0,0,0,0,0
Tricosylic acid,0,0,0,0,0,0,0,-1.406,0,0,0,0,0,0,0,0,0,0,0,0,0
CAR 17:0,0,0,0,0,0,0,0,0,0,0,0,0,0,0,0,0,0,1.4,0,0,0
CAR 20:1,0,0,0,0,0,0,0,0,0,0,0,0,0,0,0,0,0,1.4,0,0,0
GlcCer 18:1;O2/18:0,0,0,0,0,0,0,0,0,0,0,0,0,1.397,0,0,0,0,0,0,0,0
FA 19:2;O2,0,0,0,0,0,-1.372,0,1.391,0,0,0,0,-1.375,0,0,0,0,0,0,0,0
Methionine sulfoxide,0,0,0,0,0,-1.387,0,0,0,0,0,0,0,0,0,0,0,0,0,0,0
DG 16:1_18:1,0,0,0,0,0,0,0,1.384,0,0,0,0,0,0,0,0,0,0,0,0,0
LPE 17:0,0,0,0,0,0,0,0,-1.325,0,0,0,0,0,1.381,0,0,0,0,0,0,0
Oleoyl-EA,0,0,0,0,0,0,0,0,0,0,0,0,0,1.381,0,0,0,0,0,0,0
2-Amino-6-hydroxyhexanoic acid,0,0,0,0,0,-1.314,-1.38,0,0,0,0,0,0,0,0,0,0,0,0,0,0
FA 19:3;O2,0,0,0,0,0,1.378,0,0,0,0,0,0,0,0,0,0,0,0,0,0,0
Hydroxyhexadecanoic acid,0,0,0,0,0,0,0,0,0,0,0,0,-1.375,0,0,0,0,0,0,0,0
PE O-16:1/22:4,0,0,0,0,0,0,0,0,0,0,0,1.372,0,0,0,0,0,0,0,0,0
TG 58:1,0,0,0,0,0,0,0,0,0,0,0,-1.372,0,0,0,0,0,0,0,0,0
LPC 18:2,0,0,0,0,0,0,0,0,0,0,0,0,0,0,0,0,0,0,-1.358,0,0
CAR 4:0;3Me,0,0,0,0,0,0,0,0,0,0,0,0,0,0,0,0,0,0,-1.358,0,0
PC O-28:0,0,0,0,0,0,1.358,0,0,0,0,0,0,0,0,0,0,0,0,0,0,0
PGE2 ethanolamide,0,0,0,0,0,0,1.357,0,0,0,0,0,0,0,0,0,0,0,0,0,0
Homocitrulline,0,0,0,0,0,0,0,0,0,0,0,0,1.353,0,0,0,0,0,0,0,0
Heneicosatrienoic acid,0,0,0,0,0,1.344,0,0,0,0,0,0,0,0,0,0,0,0,0,0,0
PC P-35:1 or PC O-35:2,0,1.336,0,0,0,0,0,0,0,0,0,0,0,0,0,0,0,0,0,0,0
"5,6-Dihydrouridine",0,0,0,0,0,0,0,0,0,0,0,0,0,0,0,1.331,0,0,0,0,0
PC 40:1,0,0,0,0,0,0,0,0,0,0,0,0,0,0,-1.325,0,0,0,0,0,0
TG 18:1/18:1/18:1,0,0,0,0,0,0,0,0,0,0,0,0,0,0,-1.325,0,0,0,0,0,0
PC 35:3,0,0,0,0,0,0,0,0,0,0,0,0,0,0,0,0,0,0,-1.323,0,0
Methylimidazoleacetic acid,0,0,0,0,0,0,0,0,0,0,0,0,1.322,0,0,0,0,0,0,0,0
CAR 20:0,0,0,0,0,0,0,0,0,0,0,0,0,0,0,0,1.318,0,0,0,0,0
Retinol,0,0,0,0,0,0,0,0,0,0,0,0,-1.308,0,0,0,0,0,0,0,0
Muricholic acid,0,0,0,0,0,0,1.303,0,0,0,0,0,0,0,0,0,0,0,0,0,0
