column,protein_feature_id,gene
DPH2|prot-pr,human:prot-pr:Q9BQC3,ENSEMBL:ENSG00000132768
MRPS16|prot-pr,human:prot-pr:Q9Y3D3,ENSEMBL:ENSG00000182180
UBQLN4|prot-pr,human:prot-pr:Q9NRR5,ENSEMBL:ENSG00000160803
ORC3|prot-pr,human:prot-pr:Q9UBD5,ENSEMBL:ENSG00000135336
YIPF5|prot-pr,human:prot-pr:Q969M3,ENSEMBL:ENSG00000145817
SREK1IP1|prot-pr,human:prot-pr:Q8N9Q2,ENSEMBL:ENSG00000153006
POLR2M|prot-pr,human:prot-pr:Q6EEV4,ENSEMBL:ENSG00000255529
MRPL33|prot-pr,human:prot-pr:O75394,ENSEMBL:ENSG00000243147
TXNDC17|prot-pr,human:prot-pr:Q9BRA2,ENSEMBL:ENSG00000129235
NRAP|prot-pr,human:prot-pr:Q86VF7,ENSEMBL:ENSG00000197893
HSPB2|prot-pr,human:prot-pr:Q16082,ENSEMBL:ENSG00000170276
COPS3|prot-pr,human:prot-pr:Q9UNS2,ENSEMBL:ENSG00000141030
GNG7|prot-pr,human:prot-pr:O60262,ENSEMBL:ENSG00000176533
PFKFB2|prot-pr,human:prot-pr:O60825,ENSEMBL:ENSG00000123836
MYO1C|prot-pr,human:prot-pr:O00159,ENSEMBL:ENSG00000197879
RPS28|prot-pr,human:prot-pr:P62857,ENSEMBL:ENSG00000233927
PIR|prot-pr,human:prot-pr:O00625,ENSEMBL:ENSG00000087842
DHX9|prot-pr,human:prot-pr:Q08211,ENSEMBL:ENSG00000135829
TIMMDC1|prot-pr,human:prot-pr:Q9NPL8,ENSEMBL:ENSG00000113845
GLO1|prot-pr,human:prot-pr:Q04760,ENSEMBL:ENSG00000124767
S100A11|prot-ol,human:prot-ol:OID20130,ENSEMBL:ENSG00000163191
ADSS2|prot-pr,human:prot-pr:P30520,ENSEMBL:ENSG00000035687
CALCOCO1|prot-pr,human:prot-pr:Q9P1Z2,ENSEMBL:ENSG00000012822
NCOA4|prot-pr,human:prot-pr:Q13772,ENSEMBL:ENSG00000266412
ANAPC7|prot-pr,human:prot-pr:Q9UJX3,ENSEMBL:ENSG00000196510
MACO1|prot-pr,human:prot-pr:Q8N5G2,ENSEMBL:ENSG00000204178
SFXN3|prot-pr,human:prot-pr:Q9BWM7,ENSEMBL:ENSG00000107819
CLC|prot-pr,human:prot-pr:Q05315,ENSEMBL:ENSG00000105205
LANCL2|prot-pr,human:prot-pr:Q9NS86,ENSEMBL:ENSG00000132434
SCGB1A1|prot-ol,human:prot-ol:OID20688,ENSEMBL:ENSG00000149021
TLE5|prot-pr,human:prot-pr:Q08117,ENSEMBL:ENSG00000104964
LHPP|prot-pr,human:prot-pr:Q9H008,ENSEMBL:ENSG00000107902
TRMT112|prot-pr,human:prot-pr:Q9UI30,ENSEMBL:ENSG00000173113
MAT2B|prot-pr,human:prot-pr:Q9NZL9,ENSEMBL:ENSG00000038274
FAM76A|prot-pr,human:prot-pr:Q8TAV0,ENSEMBL:ENSG00000009780
H4C9|prot-pr,human:prot-pr:P62805,ENSEMBL:ENSG00000276180
ELP5|prot-pr,human:prot-pr:Q8TE02,ENSEMBL:ENSG00000170291
LRRFIP2|prot-pr,human:prot-pr:Q9Y608,ENSEMBL:ENSG00000093167
HLA-G|prot-pr,human:prot-pr:P17693,ENSEMBL:ENSG00000204632
UBA6|prot-pr,human:prot-pr:A0AVT1,ENSEMBL:ENSG00000033178
DAB2|prot-pr,human:prot-pr:P98082,ENSEMBL:ENSG00000153071
PPP1R27|prot-pr,human:prot-pr:Q86WC6,ENSEMBL:ENSG00000182676
GDE1|prot-pr,human:prot-pr:Q9NZC3,ENSEMBL:ENSG00000006007
UBTF|prot-pr,human:prot-pr:P17480,ENSEMBL:ENSG00000108312
IL16|prot-ol,human:prot-ol:OID20633,ENSEMBL:ENSG00000172349
ALPK3|prot-pr,human:prot-pr:Q96L96,ENSEMBL:ENSG00000136383
DNAJC7|prot-pr,human:prot-pr:Q99615,ENSEMBL:ENSG00000168259
DRG1|prot-pr,human:prot-pr:Q9Y295,ENSEMBL:ENSG00000185721
BRIX1|prot-pr,human:prot-pr:Q8TDN6,ENSEMBL:ENSG00000113460
FASTKD5|prot-pr,human:prot-pr:Q7L8L6,ENSEMBL:ENSG00000215251
H3-2|prot-pr,human:prot-pr:Q5TEC6,ENSEMBL:ENSG00000273213
OGFOD1|prot-pr,human:prot-pr:Q8N543,ENSEMBL:ENSG00000087263
RPN1|prot-pr,human:prot-pr:P04843,ENSEMBL:ENSG00000163902
FBXO6|prot-pr,human:prot-pr:Q9NRD1,ENSEMBL:ENSG00000116663
XIRP2|prot-pr,human:prot-pr:A4UGR9,ENSEMBL:ENSG00000163092
SLITRK2|prot-ol,human:prot-ol:OID21409,ENSEMBL:ENSG00000185985
IGFBP5|prot-pr,human:prot-pr:P24593,ENSEMBL:ENSG00000115461
COPS8|prot-pr,human:prot-pr:Q99627,ENSEMBL:ENSG00000198612
DNAJC1|prot-pr,human:prot-pr:Q96KC8,ENSEMBL:ENSG00000136770
TNFSF10|prot-ol,human:prot-ol:OID20611,ENSEMBL:ENSG00000121858
NPLOC4|prot-pr,human:prot-pr:Q8TAT6,ENSEMBL:ENSG00000182446
LPL|prot-pr,human:prot-pr:P06858,ENSEMBL:ENSG00000175445
PEX7|prot-pr,human:prot-pr:O00628,ENSEMBL:ENSG00000112357
CRYZL1|prot-pr,human:prot-pr:O95825,ENSEMBL:ENSG00000205758
NSDHL|prot-pr,human:prot-pr:Q15738,ENSEMBL:ENSG00000147383
RPS24|prot-pr,human:prot-pr:P62847,ENSEMBL:ENSG00000138326
SNX3|prot-pr,human:prot-pr:O60493,ENSEMBL:ENSG00000112335
UBE2A|prot-pr,human:prot-pr:P49459,ENSEMBL:ENSG00000077721
PSMD10|prot-pr,human:prot-pr:O75832,ENSEMBL:ENSG00000101843
PUM3|prot-pr,human:prot-pr:Q15397,ENSEMBL:ENSG00000080608
DNAJA1|prot-pr,human:prot-pr:P31689,ENSEMBL:ENSG00000086061
SELENOS|prot-pr,human:prot-pr:Q9BQE4,ENSEMBL:ENSG00000131871
PDK4|prot-pr,human:prot-pr:Q16654,ENSEMBL:ENSG00000004799
MTPN|prot-pr,human:prot-pr:P58546,ENSEMBL:ENSG00000105887
MSI2|prot-pr,human:prot-pr:Q96DH6,ENSEMBL:ENSG00000153944
ANKRD1|prot-pr,human:prot-pr:Q15327,ENSEMBL:ENSG00000148677
TSPAN9|prot-pr,human:prot-pr:O75954,ENSEMBL:ENSG00000011105
FABP2|prot-ol,human:prot-ol:OID20200,ENSEMBL:ENSG00000145384
UBE2L6|prot-pr,human:prot-pr:O14933,ENSEMBL:ENSG00000156587
PRPF19|prot-pr,human:prot-pr:Q9UMS4,ENSEMBL:ENSG00000110107
C20orf27|prot-pr,human:prot-pr:Q9GZN8,ENSEMBL:ENSG00000101220
TMPO|prot-pr,human:prot-pr:P42167,ENSEMBL:ENSG00000120802
MRPS18C|prot-pr,human:prot-pr:Q9Y3D5,ENSEMBL:ENSG00000163319
PLAAT3|prot-pr,human:prot-pr:P53816,ENSEMBL:ENSG00000176485
PFDN5|prot-pr,human:prot-pr:Q99471,ENSEMBL:ENSG00000123349
ST13|prot-pr,human:prot-pr:P50502,ENSEMBL:ENSG00000100380
SCAF11|prot-pr,human:prot-pr:Q99590,ENSEMBL:ENSG00000139218
OGDHL|prot-pr,human:prot-pr:Q9ULD0,ENSEMBL:ENSG00000197444
MYO1D|prot-pr,human:prot-pr:O94832,ENSEMBL:ENSG00000176658
NEXN|prot-pr,human:prot-pr:Q0ZGT2-2,ENSEMBL:ENSG00000162614
FAM185A|prot-pr,human:prot-pr:Q8N0U4,ENSEMBL:ENSG00000222011
NUDT5|prot-pr,human:prot-pr:Q9UKK9,ENSEMBL:ENSG00000165609
UBQLN2|prot-pr,human:prot-pr:Q9UHD9,ENSEMBL:ENSG00000188021
ARMH3|prot-pr,human:prot-pr:Q5T2E6,ENSEMBL:ENSG00000120029
MACROH2A1|prot-pr,human:prot-pr:O75367,ENSEMBL:ENSG00000113648
BIRC2|prot-pr,human:prot-pr:Q13490,ENSEMBL:ENSG00000110330
DST|prot-pr,human:prot-pr:Q03001,ENSEMBL:ENSG00000151914
CCN4|prot-ol,human:prot-ol:OID21444,ENSEMBL:ENSG00000104415
MAIP1|prot-pr,human:prot-pr:Q8WWC4,ENSEMBL:ENSG00000162972
GFRA1|prot-ol,human:prot-ol:OID21457,ENSEMBL:ENSG00000151892
SSRP1|prot-pr,human:prot-pr:Q08945,ENSEMBL:ENSG00000149136
IRF2BPL|prot-pr,human:prot-pr:Q9H1B7,ENSEMBL:ENSG00000119669
APBB2|prot-pr,human:prot-pr:Q92870,ENSEMBL:ENSG00000163697
MACROD1|prot-pr,human:prot-pr:Q9BQ69,ENSEMBL:ENSG00000133315
METTL3|prot-pr,human:prot-pr:Q86U44,ENSEMBL:ENSG00000165819
CPSF6|prot-pr,human:prot-pr:Q16630,ENSEMBL:ENSG00000111605
DHRS11|prot-pr,human:prot-pr:Q6UWP2,ENSEMBL:ENSG00000275397
LYPLA2|prot-pr,human:prot-pr:O95372,ENSEMBL:ENSG00000011009
PPP2R5D|prot-pr,human:prot-pr:Q14738,ENSEMBL:ENSG00000112640
COL6A1|prot-pr,human:prot-pr:P12109,ENSEMBL:ENSG00000142156
STYXL2|prot-pr,human:prot-pr:Q5VZP5,ENSEMBL:ENSG00000198842
RANBP9|prot-pr,human:prot-pr:Q96S59,ENSEMBL:ENSG00000010017
RACK1|prot-pr,human:prot-pr:P63244,ENSEMBL:ENSG00000204628
PRKN|prot-pr,human:prot-pr:O60260,ENSEMBL:ENSG00000185345
DDA1|prot-pr,human:prot-pr:Q9BW61,ENSEMBL:ENSG00000130311
RSPO1|prot-ol,human:prot-ol:OID20938,ENSEMBL:ENSG00000169218
SPINK6|prot-ol,human:prot-ol:OID21450,ENSEMBL:ENSG00000178172
TSC22D3|prot-pr,human:prot-pr:Q99576-3,ENSEMBL:ENSG00000157514
COQ5|prot-pr,human:prot-pr:Q5HYK3,ENSEMBL:ENSG00000110871
CTSF|prot-pr,human:prot-pr:Q9UBX1,ENSEMBL:ENSG00000174080
IFI30|prot-pr,human:prot-pr:P13284,ENSEMBL:ENSG00000216490
IGHV3-74|prot-pr,human:prot-pr:A0A0B4J1X5,ENSEMBL:ENSG00000224650
CXCL17|prot-ol,human:prot-ol:OID20622,ENSEMBL:ENSG00000189377
CPT1A|prot-pr,human:prot-pr:P50416,ENSEMBL:ENSG00000110090
LDLRAP1|prot-pr,human:prot-pr:Q5SW96,ENSEMBL:ENSG00000157978
TIA1|prot-pr,human:prot-pr:P31483,ENSEMBL:ENSG00000116001
HINT1|prot-pr,human:prot-pr:P49773,ENSEMBL:ENSG00000169567
AP5M1|prot-pr,human:prot-pr:Q9H0R1,ENSEMBL:ENSG00000053770
TNFRSF6B|prot-ol,human:prot-ol:OID20964,ENSEMBL:ENSG00000243509
DNAJC21|prot-pr,human:prot-pr:Q5F1R6,ENSEMBL:ENSG00000168724
PFN1|prot-pr,human:prot-pr:P07737,ENSEMBL:ENSG00000108518
COMMD3|prot-pr,human:prot-pr:Q9UBI1,ENSEMBL:ENSG00000148444
RETN|prot-pr,human:prot-pr:Q9HD89,ENSEMBL:ENSG00000104918
PHOSPHO1|prot-ol,human:prot-ol:OID20922,ENSEMBL:ENSG00000173868
C12orf29|prot-pr,human:prot-pr:Q8N999,ENSEMBL:ENSG00000133641
CCN1|prot-pr,human:prot-pr:O00622,ENSEMBL:ENSG00000142871
SEC22B|prot-pr,human:prot-pr:O75396,ENSEMBL:ENSG00000265808
TECR|prot-pr,human:prot-pr:Q9NZ01,ENSEMBL:ENSG00000099797
HAVCR1|prot-ol,human:prot-ol:OID21422,ENSEMBL:ENSG00000113249
NUTF2|prot-pr,human:prot-pr:P61970,ENSEMBL:ENSG00000102898
NAAA|prot-ol,human:prot-ol:OID20931,ENSEMBL:ENSG00000138744
TNNC2|prot-pr,human:prot-pr:P02585,ENSEMBL:ENSG00000101470
MGMT|prot-pr,human:prot-pr:P16455,ENSEMBL:ENSG00000170430
PHYKPL|prot-pr,human:prot-pr:Q8IUZ5,ENSEMBL:ENSG00000175309
ICMT|prot-pr,human:prot-pr:O60725,ENSEMBL:ENSG00000116237
KLK6|prot-ol,human:prot-ol:OID21526,ENSEMBL:ENSG00000167755
NDUFA6|prot-pr,human:prot-pr:P56556,ENSEMBL:ENSG00000184983
LZIC|prot-pr,human:prot-pr:Q8WZA0,ENSEMBL:ENSG00000162441
VPS37A|prot-pr,human:prot-pr:Q8NEZ2,ENSEMBL:ENSG00000155975
NPDC1|prot-ol,human:prot-ol:OID20205,ENSEMBL:ENSG00000107281
ANKS1A|prot-pr,human:prot-pr:Q92625,ENSEMBL:ENSG00000064999
POLR3E|prot-pr,human:prot-pr:Q9NVU0,ENSEMBL:ENSG00000058600
FLT3LG|prot-ol,human:prot-ol:OID20661,ENSEMBL:ENSG00000090554
RAP2A|prot-pr,human:prot-pr:P10114,ENSEMBL:ENSG00000125249
ABRACL|prot-pr,human:prot-pr:Q9P1F3,ENSEMBL:ENSG00000146386
GOSR1|prot-pr,human:prot-pr:O95249,ENSEMBL:ENSG00000108587
BST2|prot-pr,human:prot-pr:Q10589,ENSEMBL:ENSG00000130303
ABRA|prot-pr,human:prot-pr:Q8N0Z2,ENSEMBL:ENSG00000174429
GIMAP1|prot-pr,human:prot-pr:Q8WWP7,ENSEMBL:ENSG00000213203
CRIP2|prot-ol,human:prot-ol:OID20901,ENSEMBL:ENSG00000182809
FCGR2B|prot-ol,human:prot-ol:OID21215,ENSEMBL:ENSG00000072694
TAF7|prot-pr,human:prot-pr:Q15545,ENSEMBL:ENSG00000178913
NCF2|prot-ol,human:prot-ol:OID20567,ENSEMBL:ENSG00000116701
PSME3IP1|prot-pr,human:prot-pr:Q9GZU8,ENSEMBL:ENSG00000172775
GLRX2|prot-pr,human:prot-pr:Q9NS18,ENSEMBL:ENSG00000023572
MYOC|prot-ol,human:prot-ol:OID21121,ENSEMBL:ENSG00000034971
NADK|prot-ol,human:prot-ol:OID20178,ENSEMBL:ENSG00000008130
MASP1|prot-ol,human:prot-ol:OID20954,ENSEMBL:ENSG00000127241
STC1|prot-ol,human:prot-ol:OID21014,ENSEMBL:ENSG00000159167
RBP2|prot-ol,human:prot-ol:OID21365,ENSEMBL:ENSG00000114113
ATAD3A|prot-pr,human:prot-pr:Q9NVI7-2,ENSEMBL:ENSG00000197785
LSM1|prot-pr,human:prot-pr:O15116,ENSEMBL:ENSG00000175324
APLP1|prot-ol,human:prot-ol:OID20164,ENSEMBL:ENSG00000105290
PPIL3|prot-pr,human:prot-pr:Q9H2H8,ENSEMBL:ENSG00000240344
TNFRSF9|prot-ol,human:prot-ol:OID20985,ENSEMBL:ENSG00000049249
SLC66A2|prot-pr,human:prot-pr:Q8N2U9,ENSEMBL:ENSG00000122490
ILF2|prot-pr,human:prot-pr:Q12905,ENSEMBL:ENSG00000143621
DDC|prot-ol,human:prot-ol:OID20215,ENSEMBL:ENSG00000132437
WBP2|prot-pr,human:prot-pr:Q969T9,ENSEMBL:ENSG00000132471
CPM|prot-ol,human:prot-ol:OID21054,ENSEMBL:ENSG00000135678
GLUD1|prot-pr,human:prot-pr:P00367,ENSEMBL:ENSG00000148672
VGLL2|prot-pr,human:prot-pr:Q8N8G2,ENSEMBL:ENSG00000170162
GYG1|prot-pr,human:prot-pr:P46976-2,ENSEMBL:ENSG00000163754
CD74|prot-ol,human:prot-ol:OID21040,ENSEMBL:ENSG00000019582
NPY|prot-ol,human:prot-ol:OID21388,ENSEMBL:ENSG00000122585
GSR|prot-pr,human:prot-pr:P00390,ENSEMBL:ENSG00000104687
SERPINB8|prot-ol,human:prot-ol:OID20630,ENSEMBL:ENSG00000166401
MATN2|prot-ol,human:prot-ol:OID20767,ENSEMBL:ENSG00000132561
PRL|prot-ol,human:prot-ol:OID21033,ENSEMBL:ENSG00000172179
ZC3H15|prot-pr,human:prot-pr:Q8WU90,ENSEMBL:ENSG00000065548
MATN3|prot-ol,human:prot-ol:OID20979,ENSEMBL:ENSG00000132031
MYLPF|prot-pr,human:prot-pr:Q96A32,ENSEMBL:ENSG00000180209
APBB1IP|prot-ol,human:prot-ol:OID21359,ENSEMBL:ENSG00000077420
EML4|prot-pr,human:prot-pr:Q9HC35,ENSEMBL:ENSG00000143924
MTURN|prot-pr,human:prot-pr:Q8N3F0,ENSEMBL:ENSG00000180354
CBX5|prot-pr,human:prot-pr:P45973,ENSEMBL:ENSG00000094916
C1orf50|prot-pr,human:prot-pr:Q9BV19,ENSEMBL:ENSG00000164008
CX3CL1|prot-ol,human:prot-ol:OID20976,ENSEMBL:ENSG00000006210
MSS51|prot-pr,human:prot-pr:Q4VC12,ENSEMBL:ENSG00000166343
LMOD2|prot-pr,human:prot-pr:Q6P5Q4,ENSEMBL:ENSG00000170807
ALG11|prot-pr,human:prot-pr:Q2TAA5,ENSEMBL:ENSG00000253710
ADGRE2|prot-ol,human:prot-ol:OID20755,ENSEMBL:ENSG00000127507
CDK11B|prot-pr,human:prot-pr:P21127,ENSEMBL:ENSG00000248333
RAD50|prot-pr,human:prot-pr:Q92878,ENSEMBL:ENSG00000113522
ANO10|prot-pr,human:prot-pr:Q9NW15,ENSEMBL:ENSG00000160746
EPS15L1|prot-pr,human:prot-pr:Q9UBC2-2,ENSEMBL:ENSG00000127527
TMEM263|prot-pr,human:prot-pr:Q8WUH6,ENSEMBL:ENSG00000151135
FILIP1L|prot-pr,human:prot-pr:Q4L180-2,ENSEMBL:ENSG00000168386
USP28|prot-pr,human:prot-pr:Q96RU2,ENSEMBL:ENSG00000048028
LSM12|prot-pr,human:prot-pr:Q3MHD2,ENSEMBL:ENSG00000161654
CCL11|prot-ol,human:prot-ol:OID20668,ENSEMBL:ENSG00000172156
SIGLEC9|prot-ol,human:prot-ol:OID21390,ENSEMBL:ENSG00000129450
CALCA|prot-ol,human:prot-ol:OID20983,ENSEMBL:ENSG00000110680
RNF181|prot-pr,human:prot-pr:Q9P0P0,ENSEMBL:ENSG00000168894
SETMAR|prot-ol,human:prot-ol:OID20948,ENSEMBL:ENSG00000170364
NCAN|prot-ol,human:prot-ol:OID21055,ENSEMBL:ENSG00000130287
PLAU|prot-ol,human:prot-ol:OID21124,ENSEMBL:ENSG00000122861
SCLY|prot-pr,human:prot-pr:Q96I15,ENSEMBL:ENSG00000132330
CHD4|prot-pr,human:prot-pr:Q14839,ENSEMBL:ENSG00000111642
CD22|prot-ol,human:prot-ol:OID20637,ENSEMBL:ENSG00000012124
PIN1|prot-pr,human:prot-pr:Q13526,ENSEMBL:ENSG00000127445
MICU1|prot-pr,human:prot-pr:Q9BPX6,ENSEMBL:ENSG00000107745
CDH3|prot-ol,human:prot-ol:OID21008,ENSEMBL:ENSG00000062038
BCAN|prot-ol,human:prot-ol:OID20998,ENSEMBL:ENSG00000132692
NMNAT1|prot-ol,human:prot-ol:OID20913,ENSEMBL:ENSG00000173614
SMARCB1|prot-pr,human:prot-pr:Q12824,ENSEMBL:ENSG00000099956
NGRN|prot-pr,human:prot-pr:Q9NPE2,ENSEMBL:ENSG00000182768
WASF3|prot-pr,human:prot-pr:Q9UPY6-2,ENSEMBL:ENSG00000132970
ATP1A1|prot-pr,human:prot-pr:P05023,ENSEMBL:ENSG00000163399
PXN|prot-ol,human:prot-ol:OID20822,ENSEMBL:ENSG00000089159
PTBP3|prot-pr,human:prot-pr:O95758,ENSEMBL:ENSG00000119314
ANGPT2|prot-ol,human:prot-ol:OID21463,ENSEMBL:ENSG00000091879
ZNRF2|prot-pr,human:prot-pr:Q8NHG8,ENSEMBL:ENSG00000180233
TMCC3|prot-pr,human:prot-pr:Q9ULS5,ENSEMBL:ENSG00000057704
DCTN6|prot-pr,human:prot-pr:O00399,ENSEMBL:ENSG00000104671
KLK14|prot-ol,human:prot-ol:OID21407,ENSEMBL:ENSG00000129437
VCAN|prot-ol,human:prot-ol:OID21026,ENSEMBL:ENSG00000038427
IDNK|prot-pr,human:prot-pr:Q5T6J7,ENSEMBL:ENSG00000148057
MED18|prot-pr,human:prot-pr:Q9BUE0,ENSEMBL:ENSG00000130772
SKAP1|prot-ol,human:prot-ol:OID20906,ENSEMBL:ENSG00000141293
HNRNPLL|prot-pr,human:prot-pr:Q8WVV9,ENSEMBL:ENSG00000143889
ACYP1|prot-pr,human:prot-pr:P07311,ENSEMBL:ENSG00000119640
GLRX3|prot-pr,human:prot-pr:O76003,ENSEMBL:ENSG00000108010
FABP4|prot-ol,human:prot-ol:OID20245,ENSEMBL:ENSG00000170323
NINJ1|prot-ol,human:prot-ol:OID21167,ENSEMBL:ENSG00000131669
S100A12|prot-ol,human:prot-ol:OID21374,ENSEMBL:ENSG00000163221
SPOCK1|prot-ol,human:prot-ol:OID20924,ENSEMBL:ENSG00000152377
SMOC1|prot-ol,human:prot-ol:OID21461,ENSEMBL:ENSG00000198732
PDCD5|prot-pr,human:prot-pr:O14737,ENSEMBL:ENSG00000105185
MRPL14|prot-pr,human:prot-pr:Q6P1L8,ENSEMBL:ENSG00000180992
SMYD5|prot-pr,human:prot-pr:Q6GMV2,ENSEMBL:ENSG00000135632
PIH1D1|prot-pr,human:prot-pr:Q9NWS0,ENSEMBL:ENSG00000104872
NEDD1|prot-pr,human:prot-pr:Q8NHV4,ENSEMBL:ENSG00000139350
LSP1|prot-ol,human:prot-ol:OID20530,ENSEMBL:ENSG00000130592
LRP1|prot-pr,human:prot-pr:Q07954,ENSEMBL:ENSG00000123384
AGRP|prot-ol,human:prot-ol:OID20658,ENSEMBL:ENSG00000159723
ISCA2|prot-pr,human:prot-pr:Q86U28,ENSEMBL:ENSG00000165898
SMPD4|prot-pr,human:prot-pr:Q9NXE4,ENSEMBL:ENSG00000136699
CD300LF|prot-ol,human:prot-ol:OID21469,ENSEMBL:ENSG00000186074
PRPF31|prot-pr,human:prot-pr:Q8WWY3,ENSEMBL:ENSG00000105618
KRT1|prot-pr,human:prot-pr:P04264,ENSEMBL:ENSG00000167768
IGFBP7|prot-pr,human:prot-pr:Q16270,ENSEMBL:ENSG00000163453
ALAS1|prot-pr,human:prot-pr:P13196,ENSEMBL:ENSG00000023330
PTGES|prot-pr,human:prot-pr:O14684,ENSEMBL:ENSG00000148344
TAFA5|prot-ol,human:prot-ol:OID21321,ENSEMBL:ENSG00000219438
KIAA2013|prot-pr,human:prot-pr:Q8IYS2,ENSEMBL:ENSG00000116685
CRHBP|prot-ol,human:prot-ol:OID20747,ENSEMBL:ENSG00000145708
YIPF4|prot-pr,human:prot-pr:Q9BSR8,ENSEMBL:ENSG00000119820
IFT27|prot-pr,human:prot-pr:Q9BW83,ENSEMBL:ENSG00000100360
PPID|prot-pr,human:prot-pr:Q08752,ENSEMBL:ENSG00000171497
SHMT1|prot-pr,human:prot-pr:P34896,ENSEMBL:ENSG00000176974
NOL3|prot-pr,human:prot-pr:O60936,ENSEMBL:ENSG00000140939
CD5|prot-ol,human:prot-ol:OID21449,ENSEMBL:ENSG00000110448
NUP160|prot-pr,human:prot-pr:Q12769,ENSEMBL:ENSG00000030066
MSTO1|prot-pr,human:prot-pr:Q9BUK6,ENSEMBL:ENSG00000125459
OXT|prot-ol,human:prot-ol:OID21047,ENSEMBL:ENSG00000101405
KLC2|prot-pr,human:prot-pr:Q9H0B6,ENSEMBL:ENSG00000174996
SLC25A24|prot-pr,human:prot-pr:Q6NUK1,ENSEMBL:ENSG00000085491
MTA1|prot-pr,human:prot-pr:Q13330,ENSEMBL:ENSG00000182979
F3|prot-ol,human:prot-ol:OID21440,ENSEMBL:ENSG00000117525
CNOT10|prot-pr,human:prot-pr:Q9H9A5,ENSEMBL:ENSG00000182973
PPOX|prot-pr,human:prot-pr:P50336,ENSEMBL:ENSG00000143224
IGFBPL1|prot-ol,human:prot-ol:OID20155,ENSEMBL:ENSG00000137142
TPM3|prot-pr,human:prot-pr:P06753,ENSEMBL:ENSG00000143549
CAPG|prot-ol,human:prot-ol:OID21431,ENSEMBL:ENSG00000042493
PRTG|prot-ol,human:prot-ol:OID21443,ENSEMBL:ENSG00000166450
CD6|prot-ol,human:prot-ol:OID20649,ENSEMBL:ENSG00000013725
TMUB2|prot-pr,human:prot-pr:Q71RG4,ENSEMBL:ENSG00000168591
LEP|prot-ol,human:prot-ol:OID20187,ENSEMBL:ENSG00000174697
CCDC92|prot-pr,human:prot-pr:Q53HC0,ENSEMBL:ENSG00000119242
CTSV|prot-ol,human:prot-ol:OID21405,ENSEMBL:ENSG00000136943
SON|prot-pr,human:prot-pr:P18583-5,ENSEMBL:ENSG00000159140
FLT1|prot-ol,human:prot-ol:OID21301,ENSEMBL:ENSG00000102755
CLEC4G|prot-ol,human:prot-ol:OID20590,ENSEMBL:ENSG00000182566
XCL1|prot-ol,human:prot-ol:OID21398,ENSEMBL:ENSG00000143184
GZMB|prot-ol,human:prot-ol:OID20604,ENSEMBL:ENSG00000100453
IL18R1|prot-ol,human:prot-ol:OID20652,ENSEMBL:ENSG00000115604
GH1|prot-ol,human:prot-ol:OID20220,ENSEMBL:ENSG00000259384
CAT|prot-pr,human:prot-pr:P04040,ENSEMBL:ENSG00000121691
PTP4A2|prot-pr,human:prot-pr:Q12974,ENSEMBL:ENSG00000184007
TXNIP|prot-pr,human:prot-pr:Q9H3M7,ENSEMBL:ENSG00000265972
MTM1|prot-pr,human:prot-pr:Q13496,ENSEMBL:ENSG00000171100
VEGFD|prot-ol,human:prot-ol:OID20662,ENSEMBL:ENSG00000165197
TMEM9B|prot-pr,human:prot-pr:Q9NQ34,ENSEMBL:ENSG00000175348
RGMA|prot-ol,human:prot-ol:OID21065,ENSEMBL:ENSG00000182175
RPE|prot-pr,human:prot-pr:Q96AT9,ENSEMBL:ENSG00000197713
DDOST|prot-pr,human:prot-pr:P39656,ENSEMBL:ENSG00000244038
BST2|prot-ol,human:prot-ol:OID21029,ENSEMBL:ENSG00000130303
WNT9A|prot-ol,human:prot-ol:OID20460,ENSEMBL:ENSG00000143816
MCUR1|prot-pr,human:prot-pr:Q96AQ8,ENSEMBL:ENSG00000050393
PTPRN2|prot-ol,human:prot-ol:OID20912,ENSEMBL:ENSG00000155093
Q9BYX7|prot-pr,human:prot-pr:Q9BYX7,
TCL1A|prot-ol,human:prot-ol:OID20987,ENSEMBL:ENSG00000100721
DRAXIN|prot-ol,human:prot-ol:OID20917,ENSEMBL:ENSG00000162490
EGLN1|prot-ol,human:prot-ol:OID20572,ENSEMBL:ENSG00000135766
Q58FG1|prot-pr,human:prot-pr:Q58FG1,
INHBC|prot-ol,human:prot-ol:OID21093,ENSEMBL:ENSG00000175189
RELCH|prot-pr,human:prot-pr:Q9P260-2,ENSEMBL:ENSG00000134444
MSR1|prot-ol,human:prot-ol:OID21063,ENSEMBL:ENSG00000038945
FOLR2|prot-ol,human:prot-ol:OID21062,ENSEMBL:ENSG00000165457
CLMP|prot-ol,human:prot-ol:OID21419,ENSEMBL:ENSG00000166250
TMEM126A|prot-pr,human:prot-pr:Q9H061,ENSEMBL:ENSG00000171202
H3-3A|prot-pr,human:prot-pr:P84243,ENSEMBL:ENSG00000163041
TNFRSF21|prot-ol,human:prot-ol:OID21052,ENSEMBL:ENSG00000146072
NBL1|prot-ol,human:prot-ol:OID21486,ENSEMBL:ENSG00000158747
GPC1|prot-ol,human:prot-ol:OID21438,ENSEMBL:ENSG00000063660
LAYN|prot-ol,human:prot-ol:OID20970,ENSEMBL:ENSG00000204381
TRIM63|prot-pr,human:prot-pr:Q969Q1,ENSEMBL:ENSG00000158022
RICTOR|prot-pr,human:prot-pr:Q6R327,ENSEMBL:ENSG00000164327
DDR1|prot-ol,human:prot-ol:OID21009,ENSEMBL:ENSG00000137332
EBI3|prot-ol,human:prot-ol:OID21389,ENSEMBL:ENSG00000105246
PARK7|prot-pr,human:prot-pr:Q99497,ENSEMBL:ENSG00000116288
TNFRSF8|prot-ol,human:prot-ol:OID21049,ENSEMBL:ENSG00000120949
LRP1|prot-ol,human:prot-ol:OID21293,ENSEMBL:ENSG00000123384
CLSTN2|prot-ol,human:prot-ol:OID20664,ENSEMBL:ENSG00000158258
CCN1|prot-ol,human:prot-ol:OID21368,ENSEMBL:ENSG00000142871
IDUA|prot-ol,human:prot-ol:OID21468,ENSEMBL:ENSG00000127415
CNTN5|prot-ol,human:prot-ol:OID21006,ENSEMBL:ENSG00000149972
GPT2|prot-pr,human:prot-pr:Q8TD30,ENSEMBL:ENSG00000166123
EPS8L2|prot-ol,human:prot-ol:OID21397,ENSEMBL:ENSG00000177106
WFDC2|prot-ol,human:prot-ol:OID21505,ENSEMBL:ENSG00000101443
ESM1|prot-ol,human:prot-ol:OID20758,ENSEMBL:ENSG00000164283
SEC61A1|prot-pr,human:prot-pr:P61619,ENSEMBL:ENSG00000058262
GHRL|prot-ol,human:prot-ol:OID20175,ENSEMBL:ENSG00000157017
SCARF2|prot-ol,human:prot-ol:OID21048,ENSEMBL:ENSG00000244486
SLC15A4|prot-pr,human:prot-pr:Q8N697,ENSEMBL:ENSG00000139370
SEMA3F|prot-ol,human:prot-ol:OID20186,ENSEMBL:ENSG00000001617
WIF1|prot-ol,human:prot-ol:OID21464,ENSEMBL:ENSG00000156076
EMC6|prot-pr,human:prot-pr:Q9BV81,ENSEMBL:ENSG00000127774
TLR3|prot-ol,human:prot-ol:OID20612,ENSEMBL:ENSG00000164342
GSS|prot-pr,human:prot-pr:P48637,ENSEMBL:ENSG00000100983
LEFTY2|prot-ol,human:prot-ol:OID21454,ENSEMBL:ENSG00000143768
CCL21|prot-ol,human:prot-ol:OID20686,ENSEMBL:ENSG00000137077
CD79B|prot-ol,human:prot-ol:OID20635,ENSEMBL:ENSG00000007312
PADI2|prot-ol,human:prot-ol:OID20467,ENSEMBL:ENSG00000117115
ITGAV|prot-ol,human:prot-ol:OID21416,ENSEMBL:ENSG00000138448
SLC29A1|prot-pr,human:prot-pr:Q99808,ENSEMBL:ENSG00000112759
ANGPTL7|prot-ol,human:prot-ol:OID21412,ENSEMBL:ENSG00000171819
THY1|prot-ol,human:prot-ol:OID21050,ENSEMBL:ENSG00000154096
ACVRL1|prot-ol,human:prot-ol:OID20999,ENSEMBL:ENSG00000139567
CA14|prot-ol,human:prot-ol:OID21401,ENSEMBL:ENSG00000118298
NECTIN4|prot-ol,human:prot-ol:OID21490,ENSEMBL:ENSG00000143217
POLR2F|prot-ol,human:prot-ol:OID21283,ENSEMBL:ENSG00000100142
RASSF2|prot-ol,human:prot-ol:OID21194,ENSEMBL:ENSG00000101265
CAMKK1|prot-ol,human:prot-ol:OID21182,ENSEMBL:ENSG00000004660
FABP1|prot-ol,human:prot-ol:OID20778,ENSEMBL:ENSG00000163586
DDX3Y|prot-pr,human:prot-pr:O15523,ENSEMBL:ENSG00000067048
MNDA|prot-ol,human:prot-ol:OID20156,ENSEMBL:ENSG00000163563
MIA|prot-ol,human:prot-ol:OID21531,ENSEMBL:ENSG00000261857
TSHB|prot-ol,human:prot-ol:OID20129,ENSEMBL:ENSG00000134200
GZMH|prot-ol,human:prot-ol:OID20096,ENSEMBL:ENSG00000100450
NDUFB9|prot-pr,human:prot-pr:Q9Y6M9,ENSEMBL:ENSG00000147684
SERPINA12|prot-ol,human:prot-ol:OID20219,ENSEMBL:ENSG00000165953
NOS3|prot-ol,human:prot-ol:OID20834,ENSEMBL:ENSG00000164867
CD300LG|prot-ol,human:prot-ol:OID21130,ENSEMBL:ENSG00000161649
PLAT|prot-ol,human:prot-ol:OID20247,ENSEMBL:ENSG00000104368
MKLN1|prot-pr,human:prot-pr:Q9UL63,ENSEMBL:ENSG00000128585
KLK8|prot-ol,human:prot-ol:OID21517,ENSEMBL:ENSG00000129455
SIGLEC6|prot-ol,human:prot-ol:OID21394,ENSEMBL:ENSG00000105492
KRT9|prot-pr,human:prot-pr:P35527,ENSEMBL:ENSG00000171403
LGALS4|prot-ol,human:prot-ol:OID20748,ENSEMBL:ENSG00000171747
CD8A|prot-ol,human:prot-ol:OID21018,ENSEMBL:ENSG00000153563
PSMG2|prot-pr,human:prot-pr:Q969U7,ENSEMBL:ENSG00000128789
EGFR|prot-pr,human:prot-pr:P00533,ENSEMBL:ENSG00000146648
TACSTD2|prot-ol,human:prot-ol:OID21447,ENSEMBL:ENSG00000184292
RNASE3|prot-ol,human:prot-ol:OID20203,ENSEMBL:ENSG00000169397
IL12RB1|prot-ol,human:prot-ol:OID20486,ENSEMBL:ENSG00000096996
APEX1|prot-ol,human:prot-ol:OID21434,ENSEMBL:ENSG00000100823
ADM|prot-ol,human:prot-ol:OID21467,ENSEMBL:ENSG00000148926
SLC25A46|prot-pr,human:prot-pr:Q96AG3,ENSEMBL:ENSG00000164209
ASDURF|prot-pr,human:prot-pr:L0R819,ENSEMBL:ENSG00000286053
SMOC2|prot-ol,human:prot-ol:OID20730,ENSEMBL:ENSG00000112562
MMP8|prot-ol,human:prot-ol:OID21019,ENSEMBL:ENSG00000118113
LRIG1|prot-ol,human:prot-ol:OID21429,ENSEMBL:ENSG00000144749
NUDT12|prot-pr,human:prot-pr:Q9BQG2,ENSEMBL:ENSG00000112874
SCARA5|prot-ol,human:prot-ol:OID21058,ENSEMBL:ENSG00000168079
POLR2C|prot-pr,human:prot-pr:P19387,ENSEMBL:ENSG00000102978
WFDC12|prot-ol,human:prot-ol:OID21462,ENSEMBL:ENSG00000168703
NTRK3|prot-ol,human:prot-ol:OID21057,ENSEMBL:ENSG00000140538
KYNU|prot-ol,human:prot-ol:OID20669,ENSEMBL:ENSG00000115919
NFIX|prot-pr,human:prot-pr:Q14938-3,ENSEMBL:ENSG00000008441
THBS2|prot-ol,human:prot-ol:OID21104,ENSEMBL:ENSG00000186340
SEZ6L|prot-ol,human:prot-ol:OID21488,ENSEMBL:ENSG00000100095
FMNL1|prot-ol,human:prot-ol:OID20884,ENSEMBL:ENSG00000184922
AGER|prot-ol,human:prot-ol:OID20756,ENSEMBL:ENSG00000204305
MMP3|prot-ol,human:prot-ol:OID21083,ENSEMBL:ENSG00000149968
WARS1|prot-ol,human:prot-ol:OID21084,ENSEMBL:ENSG00000140105
ADAMTS15|prot-ol,human:prot-ol:OID21275,ENSEMBL:ENSG00000166106
SNX21|prot-pr,human:prot-pr:Q969T3,ENSEMBL:ENSG00000124104
AZU1|prot-ol,human:prot-ol:OID20309,ENSEMBL:ENSG00000172232
MPO|prot-ol,human:prot-ol:OID21100,ENSEMBL:ENSG00000005381
SCGB3A2|prot-ol,human:prot-ol:OID20723,ENSEMBL:ENSG00000164265
SIGLEC5|prot-ol,human:prot-ol:OID21082,ENSEMBL:ENSG00000105501
OBP2B|prot-ol,human:prot-ol:OID20980,ENSEMBL:ENSG00000171102
UBAP1|prot-pr,human:prot-pr:Q9NZ09,ENSEMBL:ENSG00000165006
FGR|prot-ol,human:prot-ol:OID20828,ENSEMBL:ENSG00000000938
SPG7|prot-pr,human:prot-pr:Q9UQ90,ENSEMBL:ENSG00000197912
ITGB7|prot-ol,human:prot-ol:OID21393,ENSEMBL:ENSG00000139626
CD300C|prot-ol,human:prot-ol:OID21010,ENSEMBL:ENSG00000167850
UTP15|prot-pr,human:prot-pr:Q8TED0,ENSEMBL:ENSG00000164338
CD300E|prot-ol,human:prot-ol:OID21418,ENSEMBL:ENSG00000186407
KLK4|prot-ol,human:prot-ol:OID21391,ENSEMBL:ENSG00000167749
NPTXR|prot-ol,human:prot-ol:OID20191,ENSEMBL:ENSG00000221890
FBXO32|prot-pr,human:prot-pr:Q969P5,ENSEMBL:ENSG00000156804
SEC63|prot-pr,human:prot-pr:Q9UGP8,ENSEMBL:ENSG00000025796
ILRUN|prot-pr,human:prot-pr:Q9H6K1,ENSEMBL:ENSG00000196821
