column,tissue,contrast,timepoint,group
adipose|EE-CON|post_15_30_45_min,adipose,EE-CON,post_15_30_45_min,acute endurance vs control
adipose|EE-CON|post_3.5_4_hr,adipose,EE-CON,post_3.5_4_hr,acute endurance vs control
adipose|EE-CON|post_24_hr,adipose,EE-CON,post_24_hr,acute endurance vs control
adipose|RE-CON|post_15_30_45_min,adipose,RE-CON,post_15_30_45_min,acute resistance vs control
adipose|RE-CON|post_24_hr,adipose,RE-CON,post_24_hr,acute resistance vs control
blood|EE-CON|during_20_min,blood,EE-CON,during_20_min,acute endurance vs control
blood|EE-CON|during_40_min,blood,EE-CON,during_40_min,acute endurance vs control
blood|EE-CON|post_10_min,blood,EE-CON,post_10_min,acute endurance vs control
blood|EE-CON|post_15_30_45_min,blood,EE-CON,post_15_30_45_min,acute endurance vs control
blood|EE-CON|post_3.5_4_hr,blood,EE-CON,post_3.5_4_hr,acute endurance vs control
blood|EE-CON|post_24_hr,blood,EE-CON,post_24_hr,acute endurance vs control
blood|RE-CON|post_10_min,blood,RE-CON,post_10_min,acute resistance vs control
blood|RE-CON|post_15_30_45_min,blood,RE-CON,post_15_30_45_min,acute resistance vs control
blood|RE-CON|post_3.5_4_hr,blood,RE-CON,post_3.5_4_hr,acute resistance vs control
blood|RE-CON|post_24_hr,blood,RE-CON,post_24_hr,acute resistance vs control
muscle|EE-CON|post_15_30_45_min,muscle,EE-CON,post_15_30_45_min,acute endurance vs control
muscle|EE-CON|post_3.5_4_hr,muscle,EE-CON,post_3.5_4_hr,acute endurance vs control
muscle|EE-CON|post_24_hr,muscle,EE-CON,post_24_hr,acute endurance vs control
muscle|RE-CON|post_15_30_45_min,muscle,RE-CON,post_15_30_45_min,acute resistance vs control
muscle|RE-CON|post_3.5_4_hr,muscle,RE-CON,post_3.5_4_hr,acute resistance vs control
muscle|RE-CON|post_24_hr,muscle,RE-CON,post_24_hr,acute resistance vs control
