column,tissue,sex,week,contrast
ADRNL|F|1w,ADRNL,female,1w,8-wk endurance training vs sedentary control
ADRNL|F|2w,ADRNL,female,2w,8-wk endurance training vs sedentary control
ADRNL|F|4w,ADRNL,female,4w,8-wk endurance training vs sedentary control
ADRNL|F|8w,ADRNL,female,8w,8-wk endurance training vs sedentary control
ADRNL|M|1w,ADRNL,male,1w,8-wk endurance training vs sedentary control
ADRNL|M|2w,ADRNL,male,2w,8-wk endurance training vs sedentary control
ADRNL|M|4w,ADRNL,male,4w,8-wk endurance training vs sedentary control
ADRNL|M|8w,ADRNL,male,8w,8-wk endurance training vs sedentary control
BAT|F|1w,BAT,female,1w,8-wk endurance training vs sedentary control
BAT|F|2w,BAT,female,2w,8-wk endurance training vs sedentary control
BAT|F|4w,BAT,female,4w,8-wk endurance training vs sedentary control
BAT|F|8w,BAT,female,8w,8-wk endurance training vs sedentary control
BAT|M|1w,BAT,male,1w,8-wk endurance training vs sedentary control
BAT|M|2w,BAT,male,2w,8-wk endurance training vs sedentary control
BAT|M|4w,BAT,male,4w,8-wk endurance training vs sedentary control
BAT|M|8w,BAT,male,8w,8-wk endurance training vs sedentary control
BLOOD|F|1w,BLOOD,female,1w,8-wk endurance training vs sedentary control
BLOOD|F|2w,BLOOD,female,2w,8-wk endurance training vs sedentary control
BLOOD|F|4w,BLOOD,female,4w,8-wk endurance training vs sedentary control
BLOOD|F|8w,BLOOD,female,8w,8-wk endurance training vs sedentary control
BLOOD|M|1w,BLOOD,male,1w,8-wk endurance training vs sedentary control
BLOOD|M|2w,BLOOD,male,2w,8-wk endurance training vs sedentary control
BLOOD|M|4w,BLOOD,male,4w,8-wk endurance training vs sedentary control
BLOOD|M|8w,BLOOD,male,8w,8-wk endurance training vs sedentary control
COLON|F|1w,COLON,female,1w,8-wk endurance training vs sedentary control
COLON|F|2w,COLON,female,2w,8-wk endurance training vs sedentary control
COLON|F|4w,COLON,female,4w,8-wk endurance training vs sedentary control
COLON|F|8w,COLON,female,8w,8-wk endurance training vs sedentary control
COLON|M|1w,COLON,male,1w,8-wk endurance training vs sedentary control
COLON|M|2w,COLON,male,2w,8-wk endurance training vs sedentary control
COLON|M|4w,COLON,male,4w,8-wk endurance training vs sedentary control
COLON|M|8w,COLON,male,8w,8-wk endurance training vs sedentary control
CORTEX|F|1w,CORTEX,female,1w,8-wk endurance training vs sedentary control
CORTEX|F|2w,CORTEX,female,2w,8-wk endurance training vs sedentary control
CORTEX|F|4w,CORTEX,female,4w,8-wk endurance training vs sedentary control
CORTEX|F|8w,CORTEX,female,8w,8-wk endurance training vs sedentary control
CORTEX|M|1w,CORTEX,male,1w,8-wk endurance training vs sedentary control
CORTEX|M|2w,CORTEX,male,2w,8-wk endurance training vs sedentary control
CORTEX|M|4w,CORTEX,male,4w,8-wk endurance training vs sedentary control
CORTEX|M|8w,CORTEX,male,8w,8-wk endurance training vs sedentary control
HEART|F|1w,HEART,female,1w,8-wk endurance training vs sedentary control
HEART|F|2w,HEART,female,2w,8-wk endurance training vs sedentary control
HEART|F|4w,HEART,female,4w,8-wk endurance training vs sedentary control
HEART|F|8w,HEART,female,8w,8-wk endurance training vs sedentary control
HEART|M|1w,HEART,male,1w,8-wk endurance training vs sedentary control
HEART|M|2w,HEART,male,2w,8-wk endurance training vs sedentary control
HEART|M|4w,HEART,male,4w,8-wk endurance training vs sedentary control
HEART|M|8w,HEART,male,8w,8-wk endurance training vs sedentary control
HIPPOC|F|1w,HIPPOC,female,1w,8-wk endurance training vs sedentary control
HIPPOC|F|2w,HIPPOC,female,2w,8-wk endurance training vs sedentary control
HIPPOC|F|4w,HIPPOC,female,4w,8-wk endurance training vs sedentary control
HIPPOC|F|8w,HIPPOC,female,8w,8-wk endurance training vs sedentary control
HIPPOC|M|1w,HIPPOC,male,1w,8-wk endurance training vs sedentary control
HIPPOC|M|2w,HIPPOC,male,2w,8-wk endurance training vs sedentary control
HIPPOC|M|4w,HIPPOC,male,4w,8-wk endurance training vs sedentary control
HIPPOC|M|8w,HIPPOC,male,8w,8-wk endurance training vs sedentary control
HYPOTH|F|1w,HYPOTH,female,1w,8-wk endurance training vs sedentary control
HYPOTH|F|2w,HYPOTH,female,2w,8-wk endurance training vs sedentary control
HYPOTH|F|4w,HYPOTH,female,4w,8-wk endurance training vs sedentary control
HYPOTH|F|8w,HYPOTH,female,8w,8-wk endurance training vs sedentary control
HYPOTH|M|1w,HYPOTH,male,1w,8-wk endurance training vs sedentary control
HYPOTH|M|2w,HYPOTH,male,2w,8-wk endurance training vs sedentary control
HYPOTH|M|4w,HYPOTH,male,4w,8-wk endurance training vs sedentary control
HYPOTH|M|8w,HYPOTH,male,8w,8-wk endurance training vs sedentary control
KIDNEY|F|1w,KIDNEY,female,1w,8-wk endurance training vs sedentary control
KIDNEY|F|2w,KIDNEY,female,2w,8-wk endurance training vs sedentary control
KIDNEY|F|4w,KIDNEY,female,4w,8-wk endurance training vs sedentary control
KIDNEY|F|8w,KIDNEY,female,8w,8-wk endurance training vs sedentary control
KIDNEY|M|1w,KIDNEY,male,1w,8-wk endurance training vs sedentary control
KIDNEY|M|2w,KIDNEY,male,2w,8-wk endurance training vs sedentary control
KIDNEY|M|4w,KIDNEY,male,4w,8-wk endurance training vs sedentary control
KIDNEY|M|8w,KIDNEY,male,8w,8-wk endurance training vs sedentary control
LIVER|F|1w,LIVER,female,1w,8-wk endurance training vs sedentary control
LIVER|F|2w,LIVER,female,2w,8-wk endurance training vs sedentary control
LIVER|F|4w,LIVER,female,4w,8-wk endurance training vs sedentary control
LIVER|F|8w,LIVER,female,8w,8-wk endurance training vs sedentary control
LIVER|M|1w,LIVER,male,1w,8-wk endurance training vs sedentary control
LIVER|M|2w,LIVER,male,2w,8-wk endurance training vs sedentary control
LIVER|M|4w,LIVER,male,4w,8-wk endurance training vs sedentary control
LIVER|M|8w,LIVER,male,8w,8-wk endurance training vs sedentary control
LUNG|F|1w,LUNG,female,1w,8-wk endurance training vs sedentary control
LUNG|F|2w,LUNG,female,2w,8-wk endurance training vs sedentary control
LUNG|F|4w,LUNG,female,4w,8-wk endurance training vs sedentary control
LUNG|F|8w,LUNG,female,8w,8-wk endurance training vs sedentary control
LUNG|M|1w,LUNG,male,1w,8-wk endurance training vs sedentary control
LUNG|M|2w,LUNG,male,2w,8-wk endurance training vs sedentary control
LUNG|M|4w,LUNG,male,4w,8-wk endurance training vs sedentary control
LUNG|M|8w,LUNG,male,8w,8-wk endurance training vs sedentary control
OVARY|F|1w,OVARY,female,1w,8-wk endurance training vs sedentary control
OVARY|F|2w,OVARY,female,2w,8-wk endurance training vs sedentary control
OVARY|F|4w,OVARY,female,4w,8-wk endurance training vs sedentary control
OVARY|F|8w,OVARY,female,8w,8-wk endurance training vs sedentary control
PLASMA|F|1w,PLASMA,female,1w,8-wk endurance training vs sedentary control
PLASMA|F|2w,PLASMA,female,2w,8-wk endurance training vs sedentary control
PLASMA|F|4w,PLASMA,female,4w,8-wk endurance training vs sedentary control
PLASMA|F|8w,PLASMA,female,8w,8-wk endurance training vs sedentary control
PLASMA|M|1w,PLASMA,male,1w,8-wk endurance training vs sedentary control
PLASMA|M|2w,PLASMA,male,2w,8-wk endurance training vs sedentary control
PLASMA|M|4w,PLASMA,male,4w,8-wk endurance training vs sedentary control
PLASMA|M|8w,PLASMA,male,8w,8-wk endurance training vs sedentary control
SKM-GN|F|1w,SKM-GN,female,1w,8-wk endurance training vs sedentary control
SKM-GN|F|2w,SKM-GN,female,2w,8-wk endurance training vs sedentary control
SKM-GN|F|4w,SKM-GN,female,4w,8-wk endurance training vs sedentary control
SKM-GN|F|8w,SKM-GN,female,8w,8-wk endurance training vs sedentary control
SKM-GN|M|1w,SKM-GN,male,1w,8-wk endurance training vs sedentary control
SKM-GN|M|2w,SKM-GN,male,2w,8-wk endurance training vs sedentary control
SKM-GN|M|4w,SKM-GN,male,4w,8-wk endurance training vs sedentary control
SKM-GN|M|8w,SKM-GN,male,8w,8-wk endurance training vs sedentary control
SKM-VL|F|1w,SKM-VL,female,1w,8-wk endurance training vs sedentary control
SKM-VL|F|2w,SKM-VL,female,2w,8-wk endurance training vs sedentary control
SKM-VL|F|4w,SKM-VL,female,4w,8-wk endurance training vs sedentary control
SKM-VL|F|8w,SKM-VL,female,8w,8-wk endurance training vs sedentary control
SKM-VL|M|1w,SKM-VL,male,1w,8-wk endurance training vs sedentary control
SKM-VL|M|2w,SKM-VL,male,2w,8-wk endurance training vs sedentary control
SKM-VL|M|4w,SKM-VL,male,4w,8-wk endurance training vs sedentary control
SKM-VL|M|8w,SKM-VL,male,8w,8-wk endurance training vs sedentary control
SMLINT|F|1w,SMLINT,female,1w,8-wk endurance training vs sedentary control
SMLINT|F|2w,SMLINT,female,2w,8-wk endurance training vs sedentary control
SMLINT|F|4w,SMLINT,female,4w,8-wk endurance training vs sedentary control
SMLINT|F|8w,SMLINT,female,8w,8-wk endurance training vs sedentary control
SMLINT|M|1w,SMLINT,male,1w,8-wk endurance training vs sedentary control
SMLINT|M|2w,SMLINT,male,2w,8-wk endurance training vs sedentary control
SMLINT|M|4w,SMLINT,male,4w,8-wk endurance training vs sedentary control
SMLINT|M|8w,SMLINT,male,8w,8-wk endurance training vs sedentary control
SPLEEN|F|1w,SPLEEN,female,1w,8-wk endurance training vs sedentary control
SPLEEN|F|2w,SPLEEN,female,2w,8-wk endurance training vs sedentary control
SPLEEN|F|4w,SPLEEN,female,4w,8-wk endurance training vs sedentary control
SPLEEN|F|8w,SPLEEN,female,8w,8-wk endurance training vs sedentary control
SPLEEN|M|1w,SPLEEN,male,1w,8-wk endurance training vs sedentary control
SPLEEN|M|2w,SPLEEN,male,2w,8-wk endurance training vs sedentary control
SPLEEN|M|4w,SPLEEN,male,4w,8-wk endurance training vs sedentary control
SPLEEN|M|8w,SPLEEN,male,8w,8-wk endurance training vs sedentary control
TESTES|M|1w,TESTES,male,1w,8-wk endurance training vs sedentary control
TESTES|M|2w,TESTES,male,2w,8-wk endurance training vs sedentary control
TESTES|M|4w,TESTES,male,4w,8-wk endurance training vs sedentary control
TESTES|M|8w,TESTES,male,8w,8-wk endurance training vs sedentary control
VENACV|F|4w,VENACV,female,4w,8-wk endurance training vs sedentary control
VENACV|F|8w,VENACV,female,8w,8-wk endurance training vs sedentary control
VENACV|M|1w,VENACV,male,1w,8-wk endurance training vs sedentary control
VENACV|M|2w,VENACV,male,2w,8-wk endurance training vs sedentary control
VENACV|M|4w,VENACV,male,4w,8-wk endurance training vs sedentary control
VENACV|M|8w,VENACV,male,8w,8-wk endurance training vs sedentary control
WAT-SC|F|1w,WAT-SC,female,1w,8-wk endurance training vs sedentary control
WAT-SC|F|2w,WAT-SC,female,2w,8-wk endurance training vs sedentary control
WAT-SC|F|4w,WAT-SC,female,4w,8-wk endurance training vs sedentary control
WAT-SC|F|8w,WAT-SC,female,8w,8-wk endurance training vs sedentary control
WAT-SC|M|1w,WAT-SC,male,1w,8-wk endurance training vs sedentary control
WAT-SC|M|2w,WAT-SC,male,2w,8-wk endurance training vs sedentary control
WAT-SC|M|4w,WAT-SC,male,4w,8-wk endurance training vs sedentary control
WAT-SC|M|8w,WAT-SC,male,8w,8-wk endurance training vs sedentary control
